cpuFamily;cpuModel;ramSize;ramType;gpuModel;hdd1Type;hdd1Size;hdd2Type;hdd2Size;price
Core i5;8250U;8 GB;DDR4;UHD Graphics 620;SSD;256 GB;-;-;474.0
Core i5;8265U;8 GB;DDR4;UHD Graphics 620;SSD;256 GB;-;-;476.4
Core i5;8265U;8 GB;DDR4;UHD Graphics 620;SSD;256 GB;-;-;478.0
Core i5;8265U;8 GB;DDR4;UHD Graphics 620;SSD;128 GB;-;-;499.0
Core i5;7200U;8 GB;DDR3;HD Graphics 620;SSD;256 GB;-;-;509.0
Core i5;8250U;8 GB;DDR4;UHD Graphics 620;SSD;128 GB;HDD;1000 GB;509.0
Core i5;8265U;8 GB;DDR4;UHD Graphics 620;SSD;256 GB;-;-;509.0
Core i5;8265U;8 GB;DDR4;Radeon 520;SSD;256 GB;-;-;516.0
Core i5;8265U;8 GB;DDR4;UHD Graphics 620;SSD;256 GB;-;-;518.99
Core i5;8250U;8 GB;DDR4;UHD Graphics 620;SSD;256 GB;-;-;519.0
Core i5;7200U;8 GB;DDR4;HD Graphics 620;SSD;256 GB;-;-;519.0
Core i5;7200U;8 GB;DDR4;HD Graphics 620;SSD;256 GB;-;-;519.0
Core i5;8265U;8 GB;DDR4;UHD Graphics 620;SSD;256 GB;-;-;528.0
Core i5;8250U;8 GB;DDR4;UHD Graphics 620;SSD;512 GB;-;-;529.0
Core i5;8250U;8 GB;DDR4;UHD Graphics 620;SSD;256 GB;-;-;538.0
Core i5;7200U;8 GB;DDR4;HD Graphics 620;SSD;256 GB;-;-;539.0
Core i5;8250U;8 GB;DDR4;UHD Graphics 620;SSD;256 GB;-;-;539.0
Core i5;8265U;8 GB;DDR4;UHD Graphics 620;SSD;256 GB;-;-;539.0
Core i5;8265U;8 GB;DDR4;Radeon 520;SSD;256 GB;-;-;545.0
Core i5;8250U;8 GB;DDR4;UHD Graphics 620;SSD;256 GB;-;-;546.0
Core i5;8265U;8 GB;DDR4;GeForce MX110;SSD;256 GB;-;-;549.0
Core i5;8250U;8 GB;DDR4;UHD Graphics 620;SSD;128 GB;HDD;1000 GB;558.0
Core i5;7200U;8 GB;DDR4;GeForce 940MX;SSD;256 GB;-;-;559.0
Core i5;8250U;8 GB;DDR4;GeForce MX150;SSD;512 GB;-;-;564.0
Core i5;8250U;8 GB;DDR4;UHD Graphics 620;SSD;256 GB;-;-;579.0
Core i5;8265U;8 GB;DDR4;UHD Graphics 620;SSD;512 GB;-;-;579.01
Core i5;8265U;8 GB;-;UHD Graphics 620;SSD;256 GB;SSD;8 GB;579.99
Core i5;8265U;8 GB;DDR4;UHD Graphics 620;SSD;256 GB;-;-;585.0
Core i7;8550U;8 GB;-;UHD Graphics 620;SSD;256 GB;-;-;588.0
Core i7;8565U;8 GB;DDR4;UHD Graphics 620;SSD;256 GB;-;-;589.0
Core i5;8250U;8 GB;DDR4;Radeon 530;SSD;512 GB;-;-;589.0
Core i5;8250U;8 GB;DDR4;GeForce MX150;SSD;256 GB;-;-;589.0
Core i5;8265U;8 GB;DDR4;UHD Graphics 620;SSD;256 GB;-;-;589.0
Core i5;8250U;8 GB;DDR4;UHD Graphics 620;SSD;256 GB;-;-;590.52
Core i7;7500U;8 GB;DDR4;UHD Graphics 620;SSD;256 GB;-;-;598.0
Core i5;8265U;8 GB;DDR4;UHD Graphics 620;SSD;256 GB;-;-;598.99
Core i7;8550U;8 GB;DDR4;UHD Graphics 620;SSD;512 GB;HDD;1000 GB;599.0
Core i5;8265U;8 GB;DDR4;UHD Graphics 620;SSD;128 GB;HDD;1000 GB;599.0
Core i5;7200U;8 GB;DDR4;Radeon 530;SSD;256 GB;-;-;599.0
Core i5;7200U;8 GB;DDR4;GeForce MX110;SSD;256 GB;-;-;599.0
Core i5;8250U;8 GB;DDR4;UHD Graphics 620;SSD;256 GB;-;-;599.0
Core i5;10210U;8 GB;DDR4;UHD Graphics;SSD;256 GB;-;-;599.0
Core i5;7200U;8 GB;DDR4;GeForce MX110;SSD;256 GB;-;-;599.0
Core i5;8265U;8 GB;DDR4;GeForce MX130;SSD;256 GB;-;-;599.24
Core i5;8250U;8 GB;-;UHD Graphics 620;SSD;256 GB;-;-;599.9
Core i5;8265U;8 GB;DDR4;UHD Graphics 620;SSD;256 GB;-;-;599.99
Core i5;8250U;8 GB;DDR4;UHD Graphics 620;SSD;256 GB;-;-;602.14
Core i5;8265U;8 GB;DDR4;UHD Graphics 620;SSD;256 GB;HDD;1000 GB;609.0
Core i5;8265U;8 GB;DDR4;Radeon 520;SSD;256 GB;-;-;619.0
Core i5;8250U;8 GB;DDR4;Radeon 530;SSD;256 GB;-;-;619.0
Core i5;8265U;8 GB;DDR4;UHD Graphics 620;SSD;256 GB;HDD;1000 GB;619.0
Core i5;8265U;8 GB;DDR4;GeForce MX130;SSD;8 GB;-;-;619.99
Core i5;8265U;8 GB;DDR4;UHD Graphics 620;SSD;128 GB;-;-;625.0
Core i7;8565U;8 GB;DDR4;Radeon 520;SSD;256 GB;-;-;629.0
Core i5;8265U;12 GB;-;UHD Graphics 620;SSD;256 GB;-;-;629.99
Core i5;8265U;8 GB;DDR4;UHD Graphics 620;SSD;512 GB;-;-;635.0
Core i5;7200U;8 GB;DDR4;Radeon 520;SSD;256 GB;-;-;636.99
Core i5;8265U;8 GB;DDR4;UHD Graphics 620;SSD;256 GB;-;-;647.87
Core i5;8265U;8 GB;DDR4;GeForce MX110;SSD;512 GB;-;-;649.0
Core i5;8265U;8 GB;DDR4;GeForce MX250;SSD;256 GB;-;-;649.99
Core i7;8565U;8 GB;DDR4;UHD Graphics 620;SSD;256 GB;-;-;650.0
Core i5;8265U;8 GB;DDR4;GeForce MX230;SSD;512 GB;-;-;658.17
Core i5;1035G1;8 GB;DDR4;GeForce MX230;SSD;1000 GB;-;-;659.0
Core i5;8265U;8 GB;DDR4;Radeon 520;SSD;256 GB;-;-;664.0
Core i7;7500U;8 GB;DDR4;GeForce MX110;SSD;256 GB;-;-;668.0
Core i5;7200U;8 GB;DDR4;HD Graphics 620;SSD;256 GB;-;-;676.2
Core i5;8265U;8 GB;DDR4;UHD Graphics 620;SSD;256 GB;-;-;677.99
Core i5;7200U;8 GB;DDR4;HD Graphics 620;SSD;512 GB;-;-;678.0
Core i5;8265U;8 GB;DDR4;GeForce MX250;SSD;256 GB;HDD;1000 GB;679.0
Core i5;8265U;8 GB;DDR4;GeForce MX250;SSD;256 GB;-;-;679.01
Core i7;8565U;8 GB;DDR4;Radeon 520;SSD;256 GB;-;-;685.0
Core i7;8550U;8 GB;DDR4;Radeon 530;SSD;256 GB;-;-;685.0
Core i5;1035G1;8 GB;DDR4;UHD Graphics;SSD;256 GB;-;-;685.89
Core i5;8265U;8 GB;DDR4;Radeon 520;SSD;512 GB;-;-;688.95
Core i5;8300H;8 GB;DDR4;GeForce GTX 1050;SSD;256 GB;-;-;689.0
Core i5;8265U;8 GB;DDR4;Radeon 520;SSD;256 GB;-;-;689.0
Core i5;10210U;8 GB;DDR4;GeForce MX130;SSD;256 GB;-;-;694.0
Core i5;8265U;8 GB;DDR4;UHD Graphics 620;SSD;256 GB;-;-;694.9
Core i7;8550U;8 GB;DDR4;GeForce MX110;SSD;256 GB;-;-;697.0
Core i5;8250U;8 GB;DDR4;GeForce GTX 1050;SSD;256 GB;-;-;697.0
Core i7;8565U;8 GB;DDR4;UHD Graphics 620;SSD;256 GB;HDD;1000 GB;698.0
Core i7;8565U;8 GB;DDR4;Radeon 520;SSD;256 GB;-;-;698.99
Core i7;7500U;8 GB;DDR4;HD Graphics 620;SSD;256 GB;-;-;699.0
Core i5;1035G1;12 GB;DDR4;UHD Graphics;SSD;512 GB;-;-;699.0
Core i5;8265U;8 GB;DDR4;UHD Graphics 620;SSD;256 GB;-;-;699.0
Core i5;8250U;8 GB;DDR4;UHD Graphics 620;SSD;256 GB;-;-;699.0
Core i5;8265U;8 GB;DDR4;HD Graphics 620;SSD;256 GB;-;-;699.9
Core i5;8265U;8 GB;-;UHD Graphics 620;SSD;256 GB;-;-;699.99
Core i5;8250U;8 GB;DDR4;UHD Graphics 620;SSD;256 GB;-;-;701.0
Core i5;8265U;8 GB;DDR4;Radeon 520;SSD;256 GB;-;-;702.72
Core i7;8565U;8 GB;DDR4;Radeon 520;SSD;256 GB;-;-;709.0
Core i7;8550U;8 GB;DDR4;GeForce MX150;SSD;128 GB;HDD;1000 GB;709.0
Core i5;9300H;8 GB;DDR4;GeForce GTX 1050;SSD;256 GB;-;-;719.0
Core i5;8265U;8 GB;DDR4;GeForce MX250;SSD;256 GB;-;-;719.99
Core i5;8265U;8 GB;DDR4;UHD Graphics 620;SSD;256 GB;-;-;725.0
Core i5;8265U;8 GB;DDR4;UHD Graphics 620;SSD;256 GB;-;-;726.9
Core i5;8300H;8 GB;DDR4;GeForce GTX 1050;SSD;512 GB;-;-;728.0
Core i5;10210U;8 GB;DDR4;GeForce MX110;SSD;512 GB;-;-;729.0
Core i5;8250U;8 GB;-;UHD Graphics 620;SSD;256 GB;-;-;729.0
Core i7;8565U;8 GB;DDR4;UHD Graphics 620;SSD;256 GB;-;-;729.0
Core i5;8265U;8 GB;DDR4;GeForce MX250;SSD;256 GB;-;-;729.99
Core i7;7500U;8 GB;DDR4;Radeon 530;SSD;256 GB;-;-;730.48
Core i5;8265U;8 GB;DDR4;GeForce MX110;SSD;256 GB;-;-;739.0
Core i7;7500U;8 GB;DDR4;Radeon 530;SSD;256 GB;-;-;739.0
Core i5;8250U;8 GB;DDR4;UHD Graphics 620;SSD;256 GB;-;-;739.0
Core i5;8265U;8 GB;DDR4;UHD Graphics 620;SSD;512 GB;-;-;740.57
Core i5;8265U;8 GB;DDR4;GeForce MX250;SSD;256 GB;-;-;741.73
Core i5;8250U;8 GB;DDR4;UHD Graphics 620;SSD;256 GB;-;-;743.0
Core i5;8250U;8 GB;DDR4;UHD Graphics 620;SSD;256 GB;-;-;744.0
Core i7;8550U;8 GB;DDR4;Radeon 530;SSD;128 GB;HDD;1000 GB;745.0
Core i5;8265U;8 GB;DDR4;UHD Graphics 620;SSD;256 GB;-;-;747.0
Core i5;8265U;8 GB;DDR4;UHD Graphics 620;SSD;128 GB;HDD;1000 GB;747.45
Core i5;1035G1;8 GB;DDR4;UHD Graphics;SSD;512 GB;-;-;747.99
Core i5;8250U;8 GB;DDR4;Radeon 530;SSD;256 GB;-;-;748.75
Core i5;8265U;8 GB;DDR4;UHD Graphics 620;SSD;256 GB;-;-;749.0
Core i5;8250U;8 GB;DDR4;UHD Graphics 620;SSD;256 GB;-;-;749.0
Core i5;8250U;8 GB;DDR4;UHD Graphics 620;SSD;256 GB;-;-;749.0
Core i5;8250U;8 GB;DDR4;HD Graphics 620;SSD;256 GB;-;-;749.0
Core i5;8265U;8 GB;DDR4;UHD Graphics 620;SSD;512 GB;-;-;749.0
Core i5;8250U;8 GB;DDR4;UHD Graphics 620;SSD;128 GB;-;-;749.0
Core i7;7500U;8 GB;DDR3;HD Graphics 620;SSD;256 GB;-;-;749.9
Core i5;8265U;8 GB;DDR4;GeForce MX250;SSD;8 GB;SSD;-;749.99
Core i5;9300H;8 GB;DDR4;GeForce GTX 1050;SSD;128 GB;HDD;1000 GB;759.0
Core i5;1035G1;8 GB;DDR4;GeForce MX230;SSD;512 GB;-;-;761.0
Core i7;8565U;8 GB;DDR4;GeForce MX250;SSD;256 GB;HDD;1000 GB;769.0
Core i7;7500U;8 GB;DDR4;HD Graphics 620;SSD;256 GB;-;-;769.0
Core i5;9300H;8 GB;DDR4;GeForce GTX 1050;SSD;512 GB;-;-;769.0
Core i5;8250U;8 GB;DDR4;Radeon 520;SSD;256 GB;-;-;772.0
Core i5;8265U;16 GB;DDR4;UHD Graphics 620;SSD;256 GB;-;-;773.07
Core i5;8250U;8 GB;DDR4;UHD Graphics 620;SSD;256 GB;-;-;775.0
Core i5;8265U;8 GB;DDR4;UHD Graphics 620;SSD;256 GB;-;-;777.0
Core i5;9300H;8 GB;DDR4;GeForce GTX 1050;SSD;256 GB;-;-;777.0
Core i7;10510U;8 GB;DDR4;UHD Graphics;SSD;256 GB;-;-;777.0
Core i5;9300H;8 GB;DDR4;GeForce GTX 1050;SSD;128 GB;HDD;1000 GB;777.9
Core i7;8550U;8 GB;DDR4;GeForce GTX 1050;SSD;256 GB;-;-;779.0
Core i5;8265U;8 GB;DDR4;UHD Graphics 620;SSD;256 GB;-;-;779.0
Core i5;8265U;8 GB;DDR4;UHD Graphics 620;SSD;256 GB;-;-;779.0
Core i5;8265U;8 GB;-;GeForce MX250;SSD;256 GB;-;-;779.99
Core i5;9300H;8 GB;DDR4;GeForce GTX 1650;SSD;512 GB;-;-;779.99
Core i5;8250U;8 GB;DDR4;UHD Graphics 620;SSD;512 GB;-;-;788.0
Core i7;8565U;8 GB;DDR4;Radeon 520;SSD;256 GB;-;-;788.1
Core i5;8265U;8 GB;DDR4;GeForce MX130;SSD;16 GB;HDD;1000 GB;789.0
Core i5;8300H;8 GB;DDR4;GeForce GTX 1050 Ti;SSD;512 GB;-;-;789.99
Core i5;8265U;8 GB;DDR4;UHD Graphics 620;SSD;256 GB;-;-;794.95
Core i5;8250U;8 GB;DDR4;UHD Graphics 620;SSD;256 GB;-;-;795.0
Core i5;8265U;8 GB;DDR4;UHD Graphics 620;SSD;256 GB;-;-;795.9
Core i7;9750H;8 GB;DDR4;GeForce GTX 1050;SSD;256 GB;-;-;798.0
Core i5;8250U;8 GB;DDR4;UHD Graphics 620;SSD;256 GB;-;-;798.9
Core i5;8250U;8 GB;DDR4;UHD Graphics 620;SSD;256 GB;-;-;798.99
Core i7;8565U;16 GB;DDR4;UHD Graphics 620;SSD;512 GB;-;-;799.0
Core i5;9300H;8 GB;DDR4;GeForce GTX 1650;SSD;128 GB;HDD;1000 GB;799.0
Core i5;8265U;8 GB;DDR4;GeForce MX250;SSD;512 GB;-;-;799.0
Core i7;8565U;8 GB;DDR4;GeForce MX110;SSD;512 GB;-;-;799.0
Core i7;8550U;8 GB;DDR4;Radeon 540;SSD;128 GB;HDD;1000 GB;799.0
Core i7;8550U;8 GB;DDR4;GeForce MX150;SSD;128 GB;HDD;1000 GB;799.0
Core i5;8265U;8 GB;DDR4;UHD Graphics 620;SSD;256 GB;-;-;799.0
Core i5;8265U;8 GB;DDR4;UHD Graphics 620;SSD;256 GB;-;-;799.0
Core i5;8265U;8 GB;DDR4;UHD Graphics 620;SSD;256 GB;-;-;799.0
Core i5;8300H;8 GB;DDR4;GeForce GTX 1050;SSD;256 GB;-;-;799.0
Core i5;8250U;8 GB;DDR4;GeForce GTX 1050;SSD;128 GB;HDD;1000 GB;799.0
Core i7;8565U;8 GB;DDR4;UHD Graphics 620;SSD;512 GB;-;-;799.0
Core i5;8265U;8 GB;DDR4;UHD Graphics 620;SSD;512 GB;-;-;799.0
Core i5;8265U;8 GB;-;UHD Graphics 620;SSD;512 GB;-;-;799.9
Core i7;8565U;8 GB;-;GeForce MX250;SSD;512 GB;-;-;799.9
Core i7;8565U;8 GB;DDR4;GeForce MX130;SSD;128 GB;HDD;1000 GB;799.99
Core i7;8565U;8 GB;DDR4;GeForce MX230;SSD;512 GB;-;-;802.37
Core i5;8265U;8 GB;DDR4;GeForce MX250;SSD;512 GB;-;-;802.37
Core i7;1065G7;8 GB;DDR4;GeForce MX230;SSD;256 GB;-;-;804.95
Core i5;8300H;8 GB;DDR4;GeForce GTX 1050Ti;SSD;256 GB;-;-;809.0
Core i5;8300H;8 GB;DDR4;GeForce GTX 1050 Ti;SSD;128 GB;HDD;1000 GB;809.0
Core i5;8265U;8 GB;DDR4;UHD Graphics 620;SSD;256 GB;-;-;809.0
Core i5;8265U;8 GB;DDR4;UHD Graphics 620;SSD;256 GB;-;-;809.0
Core i7;8550U;8 GB;DDR4;GeForce MX150;SSD;256 GB;-;-;815.0
Core i5;8300H;8 GB;DDR4;GeForce GTX 1050;SSD;256 GB;-;-;815.99
Core i5;8250U;8 GB;DDR4;UHD Graphics 620;SSD;256 GB;-;-;817.0
Core i7;8565U;8 GB;DDR4;UHD Graphics 620;SSD;256 GB;-;-;818.0
Core i5;8250U;8 GB;DDR4;UHD Graphics 620;SSD;256 GB;-;-;819.0
Core i5;9300H;8 GB;DDR4;GeForce GTX 1650;SSD;128 GB;HDD;1000 GB;819.0
Core i5;8265U;8 GB;DDR4;UHD Graphics 620;SSD;256 GB;-;-;819.9
Core i5;8300H;8 GB;DDR4;GeForce GTX 1050;SSD;256 GB;-;-;819.99
Core i7;8565U;8 GB;DDR4;GeForce MX130;SSD;256 GB;-;-;821.0
Core i5;7200U;8 GB;-;HD Graphics 620;SSD;256 GB;-;-;823.0
Core i5;8265U;8 GB;DDR3;UHD Graphics 620;SSD;256 GB;-;-;826.04
Core i5;8265U;8 GB;DDR4;UHD Graphics 620;SSD;256 GB;-;-;826.77
Core i7;8565U;8 GB;DDR4;GeForce MX130;SSD;256 GB;-;-;828.0
Core i7;8550U;8 GB;DDR3;UHD Graphics 620;SSD;256 GB;-;-;829.0
Core i5;8265U;12 GB;DDR4;UHD Graphics 620;SSD;512 GB;-;-;829.0
Core i5;8265U;8 GB;DDR4;UHD Graphics 620;SSD;256 GB;-;-;829.99
Core i7;8565U;8 GB;DDR4;UHD Graphics 620;SSD;256 GB;-;-;836.09
Core i5;8250U;8 GB;DDR4;UHD Graphics 620;SSD;512 GB;-;-;837.99
Core i7;8265U;8 GB;DDR4;UHD Graphics 620;SSD;256 GB;HDD;1000 GB;839.0
Core i7;8565U;8 GB;DDR4;UHD Graphics 620;SSD;256 GB;-;-;839.0
Core i5;8265U;8 GB;DDR4;UHD Graphics 620;SSD;256 GB;-;-;839.0
Core i5;8250U;8 GB;DDR4;UHD Graphics 620;SSD;256 GB;-;-;839.0
Core i5;8265U;8 GB;DDR4;UHD Graphics 620;SSD;128 GB;-;-;840.0
Core i5;8250U;8 GB;DDR4;UHD Graphics 620;SSD;256 GB;-;-;843.57
Core i5;1035G1;8 GB;DDR4;GeForce MX230;SSD;256 GB;-;-;845.0
Core i7;7500U;8 GB;DDR4;UHD Graphics 620;SSD;256 GB;-;-;845.0
Core i5;8265U;8 GB;DDR4;GeForce MX130;SSD;256 GB;-;-;846.75
Core i5;8265U;8 GB;DDR4;UHD Graphics 620;SSD;256 GB;-;-;849.0
Core i7;9750H;8 GB;DDR4;GeForce GTX 1050;SSD;256 GB;-;-;849.0
Core i7;9750H;8 GB;DDR4;GeForce GTX 1050;SSD;512 GB;-;-;849.0
Core i7;8550U;8 GB;DDR4;GeForce 940MX;SSD;128 GB;HDD;1000 GB;849.0
Core i5;8265U;8 GB;DDR4;UHD Graphics 620;SSD;256 GB;-;-;849.0
Core i7;8550U;8 GB;DDR4;UHD Graphics 620;SSD;256 GB;-;-;849.0
Core i7;8565U;8 GB;DDR4;UHD Graphics 620;SSD;256 GB;-;-;849.0
Core i5;8265U;8 GB;DDR4;UHD Graphics 620;SSD;512 GB;-;-;849.0
Core i5;8265U;8 GB;DDR4;UHD Graphics 620;SSD;256 GB;-;-;849.0
Core i7;8550U;12 GB;DDR4;UHD Graphics 620;SSD;256 GB;-;-;849.0
Core i7;9750H;8 GB;DDR4;GeForce GTX 1050;SSD;512 GB;-;-;849.0
Core i5;9300H;8 GB;DDR4;GeForce GTX 1550;SSD;512 GB;-;-;849.0
Core i5;8250U;8 GB;DDR3;GeForce MX150;SSD;256 GB;-;-;849.0
Core i7;8550U;8 GB;DDR4;UHD Graphics 620;SSD;256 GB;-;-;849.0
Core i5;8265U;8 GB;DDR4;GeForce MX130;SSD;256 GB;-;-;849.0
Core i5;8250U;8 GB;DDR4;GeForce 930MX;SSD;256 GB;-;-;849.0
Core i5;9300H;8 GB;DDR4;GeForce GTX 1050;SSD;128 GB;HDD;1000 GB;849.0
Core i7;1065G7;8 GB;DDR4;GeForce MX230;SSD;512 GB;-;-;849.0
Core i5;8300H;8 GB;DDR4;GeForce GTX 1050;SSD;16 GB;HDD;1000 GB;849.99
Core i5;8265U;8 GB;DDR4;UHD Graphics 620;SSD;256 GB;-;-;852.02
Core i5;8265U;8 GB;DDR4;GeForce MX250;SSD;256 GB;HDD;1000 GB;853.87
Core i5;8265U;8 GB;DDR3;UHD Graphics 620;SSD;256 GB;-;-;857.0
Core i7;8750H;8 GB;DDR4;GeForce GTX 1050;SSD;512 GB;-;-;859.0
Core i5;8265U;8 GB;DDR4;UHD Graphics 620;SSD;256 GB;-;-;859.0
Core i5;8265U;8 GB;DDR4;UHD Graphics 620;SSD;512 GB;-;-;859.0
Core i5;8250U;8 GB;DDR4;UHD Graphics 620;SSD;256 GB;-;-;860.0
Core i5;8265U;8 GB;-;GeForce MX250;SSD;512 GB;-;-;860.99
Core i5;8265U;8 GB;DDR4;UHD Graphics 620;SSD;256 GB;-;-;862.95
Core i7;1065G7;8 GB;DDR4;Iris Plus Graphics;SSD;512 GB;-;-;864.0
Core i5;8265U;8 GB;DDR4;UHD Graphics 620;SSD;256 GB;-;-;864.99
Core i7;1065G7;8 GB;DDR4;Iris Plus Graphics;SSD;512 GB;-;-;865.0
Core i5;8265U;8 GB;DDR4;GeForce MX130;SSD;256 GB;-;-;865.0
Core i5;8265U;8 GB;-;GeForce MX250;SSD;512 GB;-;-;869.99
Core i5;8265U;8 GB;-;UHD Graphics 620;SSD;512 GB;-;-;869.99
Core i5;8250U;8 GB;DDR3;UHD Graphics 620;SSD;256 GB;-;-;870.8
Core i7;8565U;8 GB;DDR4;UHD Graphics 620;SSD;256 GB;-;-;875.9
Core i5;8265U;8 GB;DDR4;UHD Graphics 620;SSD;256 GB;-;-;876.79
Core i7;9750H;8 GB;DDR4;GeForce GTX 1050;SSD;256 GB;-;-;879.0
Core i7;8550U;8 GB;DDR4;GeForce 930MX;SSD;256 GB;-;-;879.0
Core i5;8265U;8 GB;DDR3;UHD Graphics 620;SSD;256 GB;-;-;879.0
Core i5;8265U;8 GB;DDR4;UHD Graphics 620;SSD;256 GB;-;-;879.99
Core i5;8265U;8 GB;DDR4;UHD Graphics 620;SSD;512 GB;-;-;879.99
Core i7;8750H;8 GB;DDR4;GeForce GTX 1050;SSD;512 GB;-;-;882.0
Core i5;8250U;8 GB;DDR4;GeForce GTX 1050;SSD;128 GB;HDD;1000 GB;886.0
Core i5;8265U;8 GB;DDR4;UHD Graphics 620;SSD;512 GB;-;-;886.69
Core i7;8550U;8 GB;DDR4;UHD Graphics 620;SSD;256 GB;-;-;888.0
Core i7;8565U;8 GB;DDR4;GeForce MX130;SSD;128 GB;HDD;1000 GB;889.0
Core i5;10210U;8 GB;DDR4;UHD Graphics;SSD;256 GB;-;-;889.0
Core i7;8550U;8 GB;DDR4;UHD Graphics 620;SSD;256 GB;-;-;889.0
Core i5;9300H;8 GB;DDR4;GeForce GTX 1650;SSD;256 GB;-;-;889.0
Core i5;8265U;8 GB;DDR4;UHD Graphics 620;SSD;256 GB;-;-;889.0
Core i7;8550U;8 GB;DDR4;Radeon 530;SSD;512 GB;-;-;889.9
Core i5;8300H;8 GB;DDR4;GeForce GTX 1050;SSD;512 GB;-;-;889.99
Core i5;8300H;8 GB;DDR4;GeForce GTX 1050 Ti;SSD;256 GB;-;-;889.99
Core i5;8250U;8 GB;DDR4;GeForce MX150;SSD;256 GB;-;-;890.0
Core i5;8265U;8 GB;DDR4;GeForce MX130;SSD;256 GB;-;-;892.95
Core i5;8265U;8 GB;DDR4;UHD Graphics 620;SSD;256 GB;-;-;893.15
Core i7;1065G7;16 GB;DDR4;GeForce MX230;SSD;512 GB;-;-;894.0
Core i5;8265U;8 GB;DDR4;UHD Graphics 620;SSD;256 GB;-;-;895.7
Core i5;8300H;8 GB;DDR4;GeForce GTX 1060;SSD;256 GB;-;-;896.0
Core i7;7500U;8 GB;DDR3;HD Graphics 620;SSD;256 GB;-;-;897.0
Core i7;8565U;8 GB;DDR4;UHD Graphics 620;SSD;256 GB;-;-;897.0
Core i7;8550U;12 GB;DDR4;UHD Graphics 620;SSD;512 GB;-;-;898.0
Core i5;8250U;8 GB;DDR4;GeForce MX150;SSD;256 GB;-;-;898.9
Core i7;8565U;16 GB;DDR4;GeForce MX250;SSD;128 GB;HDD;1000 GB;899.0
Core i5;8265U;8 GB;DDR4;Radeon 520;SSD;128 GB;HDD;1000 GB;899.0
Core i7;8565U;8 GB;DDR4;UHD Graphics 620;SSD;512 GB;-;-;899.0
Core i7;8550U;8 GB;DDR4;Radeon 535;SSD;256 GB;-;-;899.0
Core i7;10510U;16 GB;DDR4;GeForce MX130;SSD;512 GB;-;-;899.0
Core i5;9300H;8 GB;DDR4;GeForce GTX 1050 Ti;SSD;256 GB;-;-;899.0
Core i5;8265U;8 GB;DDR4;UHD Graphics 620;SSD;128 GB;-;-;899.0
Core i5;1035G1;8 GB;DDR4;GeForce MX230;SSD;512 GB;-;-;899.0
Core i7;8565U;8 GB;DDR4;UHD Graphics 620;SSD;512 GB;-;-;899.0
Core i5;10210U;8 GB;DDR4;-;SSD;256 GB;-;-;899.0
Core i5;8265U;8 GB;DDR3;UHD Graphics 620;SSD;256 GB;-;-;899.0
Core i5;8300H;8 GB;DDR4;GeForce GTX 1050;SSD;256 GB;-;-;899.0
Core i5;8250U;8 GB;DDR4;UHD Graphics 620;SSD;512 GB;-;-;899.0
Core i5;8300H;8 GB;DDR4;GeForce GTX 1050;SSD;128 GB;HDD;1000 GB;899.0
Core i5;7200U;8 GB;DDR4;HD Graphics 620;SSD;256 GB;-;-;899.0
Core i5;8265U;8 GB;DDR4;UHD Graphics 620;SSD;512 GB;-;-;899.9
Core i5;8250U;8 GB;DDR4;UHD Graphics 620;SSD;512 GB;-;-;899.9
Core i7;8565U;8 GB;DDR4;GeForce MX250;SSD;512 GB;-;-;905.37
Core i5;8365U;16 GB;DDR4;UHD Graphics 620;SSD;512 GB;-;-;907.85
Core i7;8565U;8 GB;DDR4;GeForce MX250;SSD;256 GB;HDD;1000 GB;908.0
Core i5;8250U;8 GB;DDR4;UHD Graphics 620;SSD;256 GB;-;-;909.0
Core i7;8565U;8 GB;DDR4;UHD Graphics 620;SSD;256 GB;-;-;909.0
Core i5;8265U;8 GB;DDR4;UHD Graphics 620;SSD;256 GB;-;-;910.0
Core i7;8550U;8 GB;DDR4;GeForce MX150;SSD;256 GB;-;-;913.0
Core i7;8550U;16 GB;DDR4;UHD Graphics 620;SSD;256 GB;-;-;915.0
Core i5;10210U;8 GB;DDR4;UHD Graphics;SSD;512 GB;-;-;916.0
Core i5;8265U;8 GB;DDR4;UHD Graphics 620;SSD;128 GB;HDD;1000 GB;918.0
Core i5;8265U;8 GB;DDR4;UHD Graphics 620;SSD;512 GB;-;-;923.48
Core i5;8265U;8 GB;DDR4;UHD Graphics 620;SSD;256 GB;-;-;926.95
Core i5;8250U;8 GB;DDR4;UHD Graphics 620;SSD;256 GB;-;-;928.0
Core i7;9750H;8 GB;DDR4;GeForce GTX 1650;SSD;512 GB;-;-;928.0
Core i7;8750H;8 GB;DDR4;GeForce GTX 1060;SSD;128 GB;HDD;1000 GB;929.0
Core i5;8300H;16 GB;DDR4;GeForce GTX 1050 Ti;SSD;128 GB;HDD;1000 GB;929.0
Core i5;8265U;8 GB;DDR4;UHD Graphics 620;SSD;256 GB;-;-;929.0
Core i7;10510U;8 GB;DDR4;Radeon 530;SSD;512 GB;-;-;929.0
Core i5;8300H;8 GB;DDR4;GeForce GTX 1050 Ti;SSD;128 GB;HDD;1000 GB;929.0
Core i7;8550U;8 GB;DDR4;UHD Graphics 620;SSD;256 GB;-;-;929.0
Core i5;8250U;8 GB;DDR4;UHD Graphics 620;SSD;256 GB;-;-;929.0
Core i5;8265U;8 GB;DDR4;GeForce MX150;SSD;256 GB;-;-;929.0
Core i5;8250U;8 GB;DDR4;UHD Graphics 620;SSD;128 GB;-;-;929.9
Core i5;8265U;16 GB;DDR4;UHD Graphics 620;SSD;256 GB;-;-;929.99
Core i5;8265U;8 GB;DDR4;GeForce MX130;SSD;256 GB;-;-;929.99
Core i5;8265U;8 GB;DDR4;UHD Graphics 620;SSD;256 GB;-;-;930.0
Core i5;8265U;8 GB;DDR4;UHD Graphics 620;SSD;256 GB;-;-;934.0
Core i5;8250U;8 GB;DDR4;UHD Graphics 620;SSD;256 GB;-;-;934.6
Core i7;8565U;8 GB;DDR4;UHD Graphics 620;SSD;256 GB;-;-;934.95
Core i7;8565U;8 GB;DDR4;UHD Graphics 620;SSD;256 GB;-;-;938.0
Core i5;10210U;8 GB;DDR4;UHD Graphics;SSD;512 GB;-;-;938.77
Core i7;8565U;8 GB;DDR4;UHD Graphics 620;SSD;256 GB;-;-;939.0
Core i7;8565U;8 GB;DDR4;UHD Graphics 620;SSD;512 GB;-;-;939.0
Core i5;8250U;8 GB;DDR4;GeForce GTX 1050;SSD;256 GB;-;-;939.0
Core i5;7200U;8 GB;DDR4;HD Graphics 620;SSD;256 GB;-;-;939.99
Core i5;8250U;8 GB;DDR4;UHD Graphics 620;SSD;256 GB;-;-;942.0
Core i5;8265U;8 GB;DDR4;UHD Graphics 620;SSD;256 GB;-;-;944.0
Core i5;8300H;8 GB;DDR4;GeForce GTX 1050;SSD;128 GB;HDD;1000 GB;947.0
Core i5;1035G1;8 GB;DDR4;GeForce MX230;SSD;256 GB;-;-;948.88
Core i5;7200U;8 GB;DDR3;HD Graphics 620;SSD;256 GB;-;-;949.0
Core i7;8750H;8 GB;DDR4;GeForce GTX 1050 Ti;SSD;256 GB;-;-;949.0
Core i7;8565U;8 GB;DDR4;UHD Graphics 620;SSD;256 GB;-;-;949.0
Core i5;7200U;8 GB;DDR3;HD Graphics 620;SSD;256 GB;-;-;949.0
Core i5;8300H;8 GB;DDR4;GeForce GTX 1060;SSD;128 GB;HDD;1000 GB;949.0
Core i5;8250U;8 GB;DDR4;UHD Graphics 620;SSD;256 GB;-;-;949.0
Core i5;8265U;8 GB;DDR3;UHD Graphics 620;SSD;256 GB;-;-;949.0
Core i7;8300H;8 GB;DDR4;GeForce GTX 1050;SSD;128 GB;HDD;1000 GB;949.0
Core i7;8550U;8 GB;DDR4;UHD Graphics 620;SSD;512 GB;-;-;949.0
Core i5;8265U;8 GB;DDR3;UHD Graphics 620;SSD;256 GB;-;-;949.99
Core i5;8250U;8 GB;DDR4;Radeon 530;SSD;256 GB;-;-;955.0
Core i7;8565U;16 GB;DDR4;GeForce MX250;SSD;512 GB;-;-;956.87
Core i7;8750H;8 GB;DDR4;GTX 1050 Ti;SSD;256 GB;HDD;1000 GB;956.87
Core i7;8550U;8 GB;DDR4;Radeon 530;SSD;256 GB;-;-;956.99
Core i5;8250U;8 GB;DDR4;UHD Graphics 620;SSD;256 GB;-;-;961.0
Core i5;8265U;12 GB;DDR4;UHD Graphics 620;SSD;256 GB;HDD;1000 GB;962.0
Core i7;7660U;8 GB;-;Iris Plus Graphics 640;SSD;256 GB;-;-;969.0
Core i7;9750H;8 GB;DDR4;GeForce GTX 1050;SSD;128 GB;HDD;1000 GB;969.0
Core i5;8265U;8 GB;DDR4;GeForce GTX 1050;SSD;256 GB;-;-;969.0
Core i7;10510U;8 GB;DDR4;Radeon 535;SSD;256 GB;-;-;969.0
Core i5;8250U;8 GB;DDR4;UHD Graphics 620;SSD;256 GB;-;-;969.0
Core i7;9750H;8 GB;-;GeForce GTX 1650;SSD;512 GB;-;-;969.99
Core i5;6200U;8 GB;DDR4;HD Graphics 520;SSD;256 GB;-;-;971.0
Core i7;1065G7;8 GB;DDR4;GeForce MX230;SSD;512 GB;-;-;971.95
Core i7;8550U;8 GB;DDR4;Radeon 530;SSD;256 GB;-;-;972.0
Core i5;8265U;8 GB;DDR4;UHD Graphics 620;SSD;512 GB;-;-;972.99
Core i7;8565U;8 GB;DDR4;UHD Graphics 620;SSD;256 GB;-;-;974.0
Core i5;10210U;8 GB;DDR4;UHD Graphics;SSD;256 GB;-;-;976.98
Core i5;8265U;8 GB;DDR4;UHD Graphics 620;SSD;512 GB;-;-;977.02
Core i5;8265U;8 GB;DDR4;GeForce MX250;SSD;512 GB;-;-;977.47
Core i7;8565U;16 GB;DDR4;GeForce MX130;SSD;256 GB;-;-;978.0
Core i7;8550U;16 GB;DDR4;GeForce MX130;SSD;256 GB;-;-;979.0
Core i5;10210U;8 GB;DDR4;GeForce MX230;SSD;128 GB;HDD;1000 GB;979.0
Core i5;8300H;8 GB;DDR4;GeForce GTX 1060;SSD;128 GB;HDD;1000 GB;983.0
Core i7;8565U;8 GB;DDR4;UHD Graphics 620;SSD;256 GB;SSD;256 GB;986.9
Core i7;8565U;8 GB;DDR4;UHD Graphics 620;SSD;512 GB;-;-;987.0
Core i7;7660U;8 GB;-;Iris Plus Graphics 640;SSD;256 GB;-;-;989.0
Core i5;8250U;8 GB;DDR3;UHD Graphics 620;SSD;128 GB;-;-;989.0
Core i7;8565U;8 GB;DDR4;UHD Graphics 620;SSD;256 GB;-;-;989.0
Core i5;8250U;8 GB;DDR4;UHD Graphics 620;SSD;256 GB;-;-;989.0
Core i5;8265U;8 GB;DDR3;UHD Graphics 620;SSD;256 GB;-;-;989.99
Core i5;8265U;8 GB;DDR4;UHD Graphics 620;SSD;256 GB;-;-;990.0
Core i7;8550U;8 GB;DDR4;UHD Graphics 620;SSD;256 GB;-;-;990.0
Core i7;8750H;16 GB;DDR4;GeForce GTX 1050 Ti;SSD;256 GB;-;-;994.0
Core i7;8565U;8 GB;DDR4;GeForce MX130;SSD;256 GB;-;-;994.0
Core i7;8550U;8 GB;DDR4;UHD Graphics 620;SSD;512 GB;-;-;995.0
Core i7;8550U;8 GB;DDR4;UHD Graphics 620;SSD;128 GB;HDD;1000 GB;997.0
Core i7;8750H;8 GB;DDR4;GeForce GTX 1050;SSD;128 GB;HDD;1000 GB;997.01
Core i5;8265U;8 GB;DDR4;GeForce MX250;SSD;512 GB;-;-;997.01
Core i7;8550U;8 GB;DDR4;GeForce 940MX;SSD;256 GB;-;-;997.01
Core i7;8565U;8 GB;DDR4;GeForce MX130;SSD;256 GB;-;-;997.7
Core i5;8265U;8 GB;DDR4;Radeon RX550;SSD;256 GB;HDD;1000 GB;998.88
Core i7;9750H;16 GB;DDR4;GeForce GTX 1050;SSD;128 GB;HDD;1000 GB;999.0
Core i7;8565U;8 GB;DDR4;Radeon 520;SSD;128 GB;HDD;1000 GB;999.0
Core i5;8250U;8 GB;DDR4;GeForce MX150;SSD;256 GB;-;-;999.0
Core i5;8250U;8 GB;DDR3;HD Graphics 620;SSD;256 GB;-;-;999.0
Core i5;9300H;8 GB;DDR4;GeForce GTX 1650;SSD;128 GB;HDD;1000 GB;999.0
Core i7;9750H;8 GB;DDR4;GeForce GTX 1650;SSD;256 GB;-;-;999.0
Core i5;7200U;8 GB;DDR4;GeForce 940MX;SSD;256 GB;-;-;999.0
Core i5;10210U;8 GB;DDR4;UHD Graphics;SSD;256 GB;-;-;999.0
Core i7;1065G7;16 GB;DDR4;GeForce MX230;SSD;512 GB;-;-;999.0
Core i5;8265U;8 GB;DDR4;UHD Graphics 620;SSD;256 GB;-;-;999.0
Core i7;8565U;8 GB;DDR4;UHD Graphics 620;SSD;512 GB;-;-;999.0
Core i5;8300H;8 GB;DDR4;GeForce GTX 1050;SSD;128 GB;HDD;1000 GB;999.0
Core i5;8250U;8 GB;DDR4;GeForce 930MX;SSD;256 GB;-;-;999.0
Core i5;9300H;8 GB;DDR4;GeForce GTX 1650;SSD;512 GB;-;-;999.0
Core i7;8550U;8 GB;DDR4;UHD Graphics 620;SSD;512 GB;-;-;999.0
Core i5;8250U;8 GB;DDR4;UHD Graphics 620;SSD;256 GB;-;-;999.0
Core i7;8565U;8 GB;DDR4;UHD Graphics 620;SSD;512 GB;-;-;999.0
Core i5;8265U;8 GB;-;UHD Graphics 620;SSD;512 GB;-;-;999.0
Core i7;9750H;8 GB;DDR4;GeForce GTX 1050;SSD;256 GB;-;-;999.01
Core i7;8565U;16 GB;DDR4;UHD Graphics 620;SSD;512 GB;-;-;999.01
Core i7;8565U;8 GB;DDR4;UHD Graphics 620;SSD;512 GB;-;-;999.01
Core i5;8250U;8 GB;DDR4;UHD Graphics 620;SSD;256 GB;-;-;999.77
Core i5;8265U;8 GB;-;UHD Graphics 620;SSD;512 GB;-;-;999.9
Core i5;8265U;8 GB;DDR4;UHD Graphics 620;SSD;256 GB;-;256 GB;1000.0
Core i5;8365U;8 GB;DDR4;UHD Graphics 620;SSD;256 GB;-;-;1001.0
Core i5;8365U;8 GB;DDR4;UHD Graphics 620;SSD;256 GB;-;-;1005.0
Core i7;8565U;8 GB;DDR4;GeForce MX250;SSD;256 GB;HDD;1000 GB;1008.37
Core i7;8750H;16 GB;DDR4;GeForce GTX 1050 Ti;SSD;512 GB;-;-;1009.0
Core i5;8250U;8 GB;DDR4;UHD Graphics 620;SSD;256 GB;-;-;1010.0
Core i5;8250U;8 GB;DDR4;Radeon 530;SSD;128 GB;HDD;1000 GB;1011.0
Core i5;8265U;8 GB;DDR4;UHD Graphics 620;SSD;256 GB;-;-;1018.9
Core i5;8300H;8 GB;DDR4;GeForce GTX 1060;SSD;256 GB;-;-;1019.0
Core i7;8565U;12 GB;DDR4;UHD Graphics 620;SSD;256 GB;-;-;1019.0
Core i5;8250U;8 GB;DDR4;Radeon RX 550;SSD;256 GB;-;-;1019.0
Core i7;8565U;8 GB;DDR4;UHD Graphics 620;SSD;256 GB;-;-;1020.0
Core i5;8265U;8 GB;DDR4;GeForce MX130;SSD;128 GB;HDD;1000 GB;1024.0
Core i5;8265U;8 GB;DDR4;Radeon RX 550;SSD;256 GB;HDD;1000 GB;1024.76
Core i5;8250U;8 GB;DDR4;Radeon 530;SSD;256 GB;-;-;1025.0
Core i5;10210U;8 GB;DDR4;UHD Graphics;SSD;512 GB;-;-;1025.0
Core i5;8250U;8 GB;DDR4;Radeon RX 550;SSD;256 GB;HDD;1000 GB;1025.99
Core i7;8550U;8 GB;DDR4;UHD Graphics 620;SSD;256 GB;-;-;1027.0
Core i5;8265U;8 GB;DDR4;UHD Graphics 620;SSD;1000 GB;-;-;1027.9
Core i7;9750H;8 GB;DDR4;GeForce GTX 1650;SSD;512 GB;-;-;1029.0
Core i5;8300H;8 GB;DDR4;GeForce GTX 1060;SSD;128 GB;HDD;1000 GB;1029.0
Core i5;8265U;8 GB;DDR3;UHD Graphics 620;SSD;256 GB;-;-;1029.0
Core i5;8250U;8 GB;DDR4;UHD Graphics 620;SSD;256 GB;-;-;1029.99
Core i5;8250U;8 GB;DDR4;UHD Graphics 620;SSD;256 GB;-;-;1035.0
Core i5;8250U;8 GB;DDR4;UHD Graphics 620;SSD;256 GB;-;-;1036.0
Core i7;8550U;8 GB;DDR4;GeForce 930MX;SSD;256 GB;-;-;1039.0
Core i7;8750H;8 GB;DDR4;GTX 1050 Ti;SSD;256 GB;-;-;1039.0
Core i7;8565U;16 GB;DDR4;GeForce MX250;SSD;128 GB;HDD;1000 GB;1044.0
Core i5;8265U;8 GB;DDR4;GeForce MX130;SSD;256 GB;-;-;1048.0
Core i5;9300H;16 GB;DDR4;GeForce GTX 1650;SSD;512 GB;-;-;1049.0
Core i7;9750H;8 GB;DDR4;GeForce GTX 1650;SSD;128 GB;HDD;1000 GB;1049.0
Core i5;10210U;8 GB;DDR4;UHD Graphics;SSD;256 GB;-;-;1049.0
Core i5;9300H;8 GB;DDR4;GeForce GTX 1650;SSD;256 GB;-;-;1049.0
Core i5;8300H;16 GB;DDR4;GeForce GTX 1050 Ti;SSD;256 GB;-;-;1049.0
Core i5;8265U;8 GB;DDR3;UHD Graphics 620;SSD;256 GB;-;-;1049.0
Core i7;8565U;8 GB;DDR4;UHD Graphics 620;SSD;256 GB;-;-;1049.0
Core i5;8265U;8 GB;DDR4;UHD Graphics 620;SSD;512 GB;-;-;1049.0
Core i5;8265U;8 GB;DDR3;UHD Graphics 620;SSD;256 GB;-;-;1049.01
Core i7;8750H;8 GB;DDR4;GeForce GTX 1050;SSD;256 GB;-;-;1049.99
Core i5;8265U;8 GB;DDR4;UHD Graphics 620;SSD;512 GB;-;-;1051.69
Core i7;8565U;8 GB;DDR4;UHD Graphics 620;SSD;256 GB;-;-;1052.0
Core i7;8565U;8 GB;DDR4;GeForce MX130;SSD;256 GB;-;-;1052.0
Core i5;8265U;8 GB;DDR4;UHD Graphics 620;SSD;256 GB;-;-;1052.0
Core i5;8265U;8 GB;DDR4;UHD Graphics 620;SSD;256 GB;-;-;1052.99
Core i7;8565U;16 GB;DDR4;UHD Graphics 620;SSD;512 GB;-;-;1057.99
Core i7;10510U;8 GB;DDR4;GeForce MX250;SSD;512 GB;-;-;1058.0
Core i7;10510U;8 GB;DDR4;GeForce MX250;SSD;512 GB;-;-;1058.0
Core i5;8250U;8 GB;DDR3;UHD Graphics 620;SSD;128 GB;-;-;1059.0
Core i5;8300H;8 GB;DDR4;GeForce GTX 1050;SSD;256 GB;-;-;1059.0
Core i5;9300H;8 GB;DDR4;GeForce GTX 1650;SSD;512 GB;-;-;1059.99
Core i5;8265U;8 GB;DDR4;UHD Graphics 620;SSD;256 GB;-;-;1060.15
Core i5;8265U;8 GB;DDR4;UHD Graphics 620;SSD;256 GB;-;-;1062.7
Core i5;8265U;8 GB;DDR3;UHD Graphics 620;SSD;512 GB;-;-;1063.0
Core i5;8265U;8 GB;DDR4;UHD Graphics 620;SSD;256 GB;-;-;1063.99
Core i7;1065G7;16 GB;DDR4;GeForce MX230;SSD;512 GB;-;-;1068.0
Core i7;9750H;8 GB;DDR4;GeForce GTX 1650;SSD;512 GB;-;-;1069.0
Core i5;10210U;8 GB;DDR4;GeForce MX 230;SSD;512 GB;-;-;1069.0
Core i5;8265U;8 GB;DDR4;UHD Graphics 630;SSD;256 GB;-;-;1069.0
Core i5;8300H;8 GB;DDR4;GeForce GTX 1050 Ti;SSD;128 GB;HDD;1000 GB;1071.0
Core i5;9400H;8 GB;DDR4;UHD Graphics 630;SSD;256 GB;-;-;1074.0
Core i5;8300H;8 GB;DDR4;GeForce GTX 1050;SSD;16 GB;HDD;1000 GB;1074.99
Core i7;8565U;8 GB;DDR4;Radeon RX 550;SSD;256 GB;-;-;1075.99
Core i7;10510U;8 GB;DDR4;GeForce MX250;SSD;512 GB;-;-;1076.0
Core i7;8550U;8 GB;DDR4;UHD Graphics 620;SSD;256 GB;-;-;1077.0
Core i7;8750H;8 GB;DDR4;GeForce GTX 1050 Ti;SSD;128 GB;HDD;1000 GB;1079.0
Core i7;8565U;8 GB;DDR4;GeForce MX250;SSD;256 GB;HDD;2000 GB;1079.0
Core i7;8750H;8 GB;DDR4;GeForce GTX 1050;SSD;128 GB;HDD;1000 GB;1079.0
Core i5;9300H;8 GB;DDR4;GeForce GTX 1650;SSD;256 GB;HDD;1000 GB;1079.23
Core i7;8565U;8 GB;DDR4;Radeon RX 550X;SSD;256 GB;SSD;256 GB;1079.99
Core i5;8250U;8 GB;DDR4;UHD Graphics 620;SSD;256 GB;-;-;1080.0
Core i7;8550U;8 GB;DDR4;UHD Graphics 620;SSD;256 GB;-;-;1081.28
Core i5;8250U;8 GB;DDR4;UHD Graphics 620;SSD;256 GB;-;-;1085.0
Core i7;8750H;8 GB;DDR4;GeForce GTX 1050 Ti;SSD;128 GB;HDD;1000 GB;1089.0
Core i7;8565U;8 GB;DDR3;UHD Graphics 620;SSD;256 GB;-;-;1089.0
Core i5;8300H;8 GB;DDR4;GeForce GTX 1050 Ti;SSD;256 GB;-;-;1089.0
Core i7;10510U;8 GB;DDR4;GeForce MX250;SSD;256 GB;-;-;1089.0
Core i7;8565U;16 GB;DDR4;GeForce MX130;SSD;256 GB;HDD;1000 GB;1093.0
Core i7;8750H;8 GB;DDR4;GeForce GTX 1050;SSD;16 GB;HDD;1000 GB;1093.0
Core i7;8550U;8 GB;DDR4;Radeon 530;SSD;256 GB;-;-;1096.0
Core i5;8250U;8 GB;DDR4;UHD Graphics 620;SSD;256 GB;-;-;1096.0
Core i5;8250U;8 GB;DDR4;UHD Graphics 620;SSD;256 GB;-;-;1096.0
Core i7;9750H;8 GB;DDR4;GeForce GTX 1650;SSD;512 GB;-;-;1097.0
Core i7;8750H;8 GB;DDR4;GeForce GTX 1060;SSD;512 GB;-;-;1097.0
Core i5;8250U;8 GB;DDR4;UHD Graphics 620;SSD;256 GB;-;-;1098.0
Core i5;8265U;8 GB;DDR4;GeForce MX250;SSD;512 GB;-;-;1099.0
Core i7;8750H;12 GB;DDR4;GeForce GTX 1050 Ti;SSD;128 GB;HDD;1000 GB;1099.0
Core i7;10510U;8 GB;DDR4;UHD Graphics;SSD;256 GB;-;-;1099.0
Core i7;8750H;16 GB;DDR4;GeForce GTX 1050;SSD;512 GB;-;-;1099.0
Core i7;9750H;16 GB;DDR4;GeForce GTX 1650;SSD;1000 GB;-;-;1099.0
Core i5;8400H;8 GB;DDR4;UHD Graphics 630;SSD;256 GB;-;-;1099.0
Core i7;8550U;8 GB;DDR4;UHD Graphics 620;SSD;256 GB;-;-;1099.0
Core i5;8365U;16 GB;DDR4;UHD Graphics 620;SSD;512 GB;-;-;1099.0
Core i7;8565U;16 GB;DDR4;UHD Graphics 620;SSD;128 GB;HDD;1000 GB;1099.0
Core i5;8265U;8 GB;DDR3;UHD Graphics 620;SSD;256 GB;-;-;1099.0
Core i5;8265U;16 GB;DDR4;UHD Graphics 620;SSD;512 GB;-;-;1099.0
Core i5;8265U;8 GB;DDR4;UHD Graphics 620;SSD;256 GB;-;-;1099.0
Core i7;8750H;8 GB;DDR4;GeForce GTX 1050 Ti;SSD;256 GB;-;-;1099.0
Core i5;10210U;8 GB;DDR4;UHD Graphics;SSD;512 GB;-;-;1099.0
Core i5;8265U;8 GB;DDR4;UHD Graphics 620;SSD;512 GB;-;-;1099.0
Core i5;8265U;8 GB;DDR4;UHD Graphics 620;SSD;256 GB;SSD;256 GB;1099.0
Core i5;8265U;8 GB;DDR4;UHD Graphics 620;SSD;256 GB;-;-;1099.0
Core i5;9750H;8 GB;DDR4;GeForce GTX 1650;SSD;256 GB;-;-;1099.9
Core i7;8750H;8 GB;DDR4;GeForce GTX 1050;SSD;256 GB;-;-;1099.99
Core i5;7200U;8 GB;DDR4;HD Graphics 620;SSD;256 GB;-;-;1105.0
Core i5;8250U;8 GB;DDR4;Radeon RX 550;SSD;256 GB;HDD;1000 GB;1105.0
Core i5;8250U;8 GB;DDR4;GeForce 930MX;SSD;128 GB;HDD;1000 GB;1110.0
Core i7;8550U;16 GB;DDR4;GeForce GTX 1050;SSD;256 GB;-;-;1111.37
Core i5;8265U;8 GB;DDR3;UHD Graphics 620;SSD;256 GB;-;-;1111.9
Core i5;-;8 GB;DDR3;UHD Graphics 617;SSD;128 GB;-;-;1113.0
Core i7;8565U;16 GB;DDR4;UHD Graphics 620;SSD;512 GB;-;-;1115.0
Core i5;8265U;8 GB;DDR4;UHD Graphics 620;SSD;256 GB;-;-;1115.0
Core i7;8565U;16 GB;DDR4;UHD Graphics 620;SSD;512 GB;-;-;1116.0
Core i5;8265U;8 GB;DDR3;UHD Graphics 620;SSD;256 GB;-;-;1116.0
Core i7;8565U;16 GB;DDR4;GeForce MX130;SSD;512 GB;-;-;1117.0
Core i7;9750H;8 GB;DDR4;GeForce GTX 1050 Ti;SSD;256 GB;-;-;1118.0
Core i5;8265U;8 GB;DDR4;GeForce MX250;SSD;512 GB;-;-;1119.0
Core i7;8565U;8 GB;DDR4;UHD Graphics 620;SSD;512 GB;-;-;1119.0
Core i5;8365U;8 GB;DDR4;UHD Graphics 620;SSD;256 GB;-;-;1119.0
Core i7;8550U;8 GB;DDR4;UHD Graphics 620;SSD;256 GB;-;-;1119.8
Core i5;8365U;16 GB;DDR4;UHD Graphics 620;SSD;512 GB;-;-;1123.0
Core i7;8565U;16 GB;DDR4;GeForce MX130;SSD;512 GB;-;-;1127.7
Core i7;8565U;8 GB;DDR3;GeForce MX150;SSD;512 GB;-;-;1129.0
Core i5;8350U;8 GB;DDR4;UHD Graphics 620;SSD;256 GB;-;-;1129.0
Core i5;8350U;8 GB;DDR4;UHD Graphics 620;SSD;256 GB;-;-;1129.0
Core i7;9750H;8 GB;DDR4;GeForce GTX 1650;SSD;512 GB;-;-;1129.99
Core i5;7200U;8 GB;DDR4;Intel HD 620;SSD;256 GB;-;-;1130.0
Core i5;-;8 GB;DDR3;UHD Graphics 617;SSD;128 GB;-;-;1135.0
Core i7;9750H;8 GB;DDR4;GeForce GTX 1650;SSD;256 GB;HDD;1000 GB;1137.0
Core i7;9750H;8 GB;DDR4;GeForce GTX 1650;SSD;256 GB;HDD;1000 GB;1137.0
Core i5;10510U;8 GB;DDR4;GeForce MX230;SSD;512 GB;-;-;1137.0
Core i7;8750H;16 GB;DDR4;GeForce GTX 1050 Ti;SSD;256 GB;HDD;1000 GB;1138.0
Core i7;9750H;8 GB;DDR4;GeForce GTX 1650;SSD;512 GB;-;-;1138.0
Core i5;8250U;8 GB;DDR4;UHD Graphics 620;SSD;256 GB;-;-;1138.0
Core i7;8750H;8 GB;DDR4;GeForce GTX 1050 Ti;SSD;128 GB;HDD;1000 GB;1139.0
Core i5;9300H;8 GB;DDR4;UHD Graphics 630;SSD;256 GB;-;-;1142.0
Core i7;8550U;8 GB;DDR4;UHD Graphics 620;SSD;256 GB;-;-;1145.0
Core i5;8250U;8 GB;DDR4;HD Graphics 620;SSD;256 GB;-;-;1146.0
Core i7;8565U;8 GB;DDR4;UHD Graphics 620;SSD;256 GB;-;-;1147.0
Core i7;8750H;16 GB;DDR4;GeForce GTX 1650;SSD;512 GB;-;-;1148.0
Core i5;8265U;8 GB;DDR4;UHD Graphics 620;SSD;256 GB;-;-;1148.5
Core i7;9750H;8 GB;DDR4;GeForce GTX 1650;SSD;128 GB;-;-;1149.0
Core i7;8565U;8 GB;DDR4;GeForce MX250;SSD;256 GB;-;-;1149.0
Core i7;8750H;8 GB;DDR4;GeForce GTX 1050 Ti;SSD;128 GB;HDD;1000 GB;1149.0
Core i7;8750H;8 GB;DDR4;GeForce GTX 1050 Ti;SSD;128 GB;HDD;1000 GB;1149.0
Core i7;8750H;8 GB;DDR4;GeForce GTX 1050;SSD;128 GB;HDD;1000 GB;1149.0
Core i7;8750H;8 GB;DDR4;GeForce GTX 1050;SSD;128 GB;HDD;1000 GB;1149.0
Core i7;8565U;8 GB;DDR4;UHD Graphics 620;SSD;256 GB;-;-;1149.0
Core i7;8565U;16 GB;-;GeForce MX250;SSD;1000 GB;-;-;1149.99
Core i5;8265U;8 GB;DDR3;UHD Graphics 620;SSD;512 GB;-;-;1149.99
Core i5;8250U;8 GB;DDR4;GeForce 940MX;SSD;256 GB;-;-;1150.49
Core i5;8250U;8 GB;DDR4;UHD Graphics 620;SSD;256 GB;-;-;1156.5
Core i7;8565U;12 GB;DDR4;GeForce GTX 1050;SSD;512 GB;-;-;1156.99
Core i5;8250U;8 GB;DDR4;HD Graphics 620;SSD;256 GB;-;-;1158.0
Core i7;10510U;8 GB;DDR4;GeForce MX250;SSD;256 GB;-;-;1158.0
Core i7;8550U;8 GB;DDR4;Radeon RX 550;SSD;256 GB;-;-;1159.0
Core i7;8565U;8 GB;DDR4;GeForce MX130;SSD;128 GB;HDD;1000 GB;1165.0
Core i7;10510U;16 GB;DDR4;GeForce MX250;SSD;512 GB;-;-;1167.0
Core i5;8250U;8 GB;DDR3;UHD Graphics 620;SSD;128 GB;-;-;1169.0
Core i7;8565U;8 GB;DDR4;GeForce MX130;SSD;256 GB;-;-;1169.0
Core i7;8750H;8 GB;DDR4;GeForce GTX 1050;SSD;256 GB;HDD;1000 GB;1169.0
Core i7;8565U;8 GB;DDR4;GeForce MX130;SSD;256 GB;-;-;1170.0
Core i5;8300H;8 GB;DDR4;GeForce GTX 1050 Ti;SSD;128 GB;HDD;1000 GB;1170.0
Core i7;9750H;16 GB;DDR4;GeForce GTX 1050;SSD;512 GB;-;-;1173.0
Core i5;8250U;8 GB;DDR4;Radeon 530;SSD;256 GB;-;-;1174.5
Core i5;7360U;8 GB;DDR3;Iris Plus Graphics 640;SSD;128 GB;-;-;1179.0
Core i7;8550U;8 GB;DDR3;UHD Graphics 620;SSD;256 GB;-;-;1179.0
Core i7;7700HQ;16 GB;DDR4;GeForce GTX 1060;SSD;128 GB;HDD;1000 GB;1179.0
Core i7;8550U;16 GB;DDR4;GeForce 930MX;SSD;512 GB;-;-;1179.0
Core i5;9300H;8 GB;DDR4;GeForce GTX 1650;SSD;256 GB;-;-;1179.0
Core i5;9300H;8 GB;DDR4;GeForce GTX 1650;SSD;512 GB;-;-;1179.99
Core i7;9750H;8 GB;DDR4;GeForce GTX 1650;SSD;1000 GB;-;-;1179.99
Core i7;8565U;16 GB;DDR4;UHD Graphics 620;SSD;512 GB;-;-;1180.0
Core i5;8265U;8 GB;DDR4;UHD Graphics 620;SSD;512 GB;-;-;1187.0
Core i7;8550U;16 GB;DDR4;GeForce MX150;SSD;512 GB;-;-;1189.0
Core i5;8365U;8 GB;DDR4;UHD Graphics 620;SSD;256 GB;-;-;1190.0
Core i7;9750H;16 GB;DDR4;GeForce GTX 1650;SSD;256 GB;HDD;1000 GB;1198.0
Core i7;8750H;16 GB;DDR4;GeForce GTX 1050 Ti;SSD;256 GB;HDD;1000 GB;1199.0
Core i7;9750H;16 GB;DDR4;GeForce GTX 1650;SSD;128 GB;HDD;1000 GB;1199.0
Core i7;8565U;8 GB;DDR4;GeForce MX250;SSD;512 GB;-;-;1199.0
Core i7;9750H;16 GB;DDR4;GeForce GTX 1650;SSD;1000 GB;-;-;1199.0
Core i7;9750H;8 GB;DDR4;GeForce GTX 1650;SSD;256 GB;-;-;1199.0
Core i5;8265U;12 GB;DDR4;UHD Graphics 620;SSD;256 GB;-;-;1199.0
Core i5;9300H;8 GB;DDR4;GeForce GTX 1650;SSD;256 GB;HDD;1000 GB;1199.0
Core i5;8300H;8 GB;DDR4;GeForce GTX 1050 Ti;SSD;256 GB;-;-;1199.0
Core i7;8565U;8 GB;DDR3;UHD Graphics 620;SSD;512 GB;-;-;1199.0
Core i5;8265U;8 GB;DDR4;UHD Graphics 620;SSD;512 GB;-;-;1199.0
Core i7;9750H;8 GB;DDR4;GeForce GTX 1660 Ti;SSD;512 GB;-;-;1199.9
Core i7;8750H;8 GB;DDR4;GeForce GTX 1060;SSD;256 GB;-;-;1199.9
Core i5;8300H;8 GB;DDR4;GeForce GTX 1050 Ti;SSD;16 GB;HDD;1000 GB;1199.99
Core i7;8550U;8 GB;DDR4;Radeon RX 550;SSD;256 GB;-;-;1200.0
Core i7;8550U;8 GB;DDR4;UHD Graphics 620;SSD;256 GB;-;-;1204.99
Core i5;10210U;8 GB;DDR3;UHD Graphics 620;SSD;512 GB;-;-;1213.0
Core i5;9300H;8 GB;DDR4;UHD Graphics 630;SSD;256 GB;-;-;1218.0
Core i7;9750H;16 GB;DDR4;GeForce GTX 1650;SSD;256 GB;HDD;1000 GB;1218.99
Core i7;8565U;8 GB;DDR4;UHD Graphics 620;SSD;256 GB;-;-;1219.0
Core i7;8750H;8 GB;DDR4;GeForce GTX 1060;SSD;256 GB;HDD;1000 GB;1219.0
Core i7;9750H;8 GB;DDR4;GeForce GTX 1660 Ti;SSD;256 GB;-;256 GB;1219.99
Core i7;8550U;8 GB;DDR4;UHD Graphics 620;SSD;256 GB;-;-;1225.0
Core i5;10210U;8 GB;DDR3;UHD Graphics 620;SSD;256 GB;-;-;1225.0
Core i7;8550U;8 GB;DDR3;UHD Graphics 620;SSD;256 GB;-;-;1229.0
Core i7;8750H;8 GB;DDR4;GeForce GTX 1050 Ti;SSD;256 GB;SSD;-;1229.0
Core i5;6200U;8 GB;DDR3;HD Graphics 520;SSD;256 GB;-;-;1229.0
Core i7;9750H;8 GB;DDR4;GeForce GTX 1660 Ti;SSD;512 GB;-;-;1238.0
Core i5;8250U;8 GB;DDR4;UHD Graphics 620;SSD;512 GB;-;-;1239.0
Core i7;8565U;8 GB;DDR4;UHD Graphics 620;SSD;512 GB;-;-;1239.0
Core i7;8565U;16 GB;DDR4;UHD Graphics 620;SSD;512 GB;-;-;1239.0
Core i7;9750H;8 GB;DDR4;GeForce GTX 1650;SSD;512 GB;-;-;1239.0
Core i7;8565U;16 GB;DDR4;UHD Graphics 620;SSD;512 GB;-;-;1242.9
Core i5;7200U;8 GB;DDR4;HD Graphics 620;SSD;256 GB;-;-;1244.0
Core i7;9750H;16 GB;DDR4;GeForce GTX 1050;SSD;256 GB;HDD;1000 GB;1245.27
Core i7;8565U;8 GB;DDR4;GeForce MX250;SSD;256 GB;-;-;1247.0
Core i7;8750H;16 GB;DDR4;GeForce GTX 1060;SSD;256 GB;HDD;1000 GB;1248.0
Core i7;9750H;8 GB;DDR4;GeForce GTX 1660 Ti;SSD;256 GB;-;-;1248.0
Core i7;8550U;8 GB;DDR3;UHD Graphics 620;SSD;256 GB;-;-;1249.0
Core i7;10510U;16 GB;DDR4;GeForce MX250;SSD;512 GB;-;-;1249.0
Core i5;8250U;8 GB;DDR4;UHD Graphics 620;SSD;256 GB;-;-;1249.0
Core i7;8550U;8 GB;DDR4;GeForce MX150;SSD;256 GB;HDD;1000 GB;1249.0
Core i7;8565U;8 GB;DDR4;UHD Graphics 620;SSD;256 GB;-;-;1249.0
Core i7;8665U;16 GB;DDR4;UHD Graphics 620;SSD;256 GB;-;-;1249.0
Core i5;7200U;8 GB;DDR4;HD Graphics 620;SSD;256 GB;-;-;1249.0
Core i7;8750H;8 GB;DDR4;GeForce GTX 1050 Ti;SSD;128 GB;HDD;1000 GB;1249.0
Core i7;8750H;12 GB;DDR4;GeForce GTX 1050 Ti;SSD;128 GB;HDD;1000 GB;1249.99
Core i5;8400H;8 GB;DDR4;UHD Graphics 630;SSD;256 GB;-;-;1251.0
Core i7;9750H;8 GB;DDR4;GeForce GTX 1650;SSD;256 GB;HDD;1000 GB;1255.0
Core i7;9750H;16 GB;DDR4;GeForce GTX 1650;SSD;256 GB;HDD;1000 GB;1258.0
Core i5;-;8 GB;DDR3;UHD Graphics 617;SSD;256 GB;-;-;1258.99
Core i7;8550U;8 GB;DDR4;UHD Graphics 620;SSD;512 GB;-;-;1259.0
Core i7;8750H;16 GB;DDR4;GeForce GTX 1060;SSD;256 GB;-;-;1259.0
Core i7;8750H;8 GB;DDR4;GeForce GTX 1050Ti;SSD;128 GB;HDD;1000 GB;1259.0
Core i5;8265U;8 GB;DDR4;UHD Graphics 620;SSD;256 GB;-;-;1259.99
Core i7;8565U;8 GB;DDR4;GeForce MX150;SSD;512 GB;-;-;1260.0
Core i7;8750H;8 GB;DDR4;GeForce GTX 1050 Ti;SSD;128 GB;HDD;1000 GB;1262.57
Core i5;8365U;16 GB;DDR4;UHD Graphics 620;SSD;512 GB;-;-;1263.65
Core i5;8265U;16 GB;DDR4;UHD Graphics 620;SSD;512 GB;-;-;1266.0
Core i7;8565U;8 GB;DDR4;UHD Graphics 620;SSD;256 GB;SSD;256 GB;1268.0
Core i7;8750H;16 GB;DDR4;GeForce GTX 1060;SSD;256 GB;HDD;1000 GB;1268.0
Core i7;8750H;16 GB;DDR4;GeForce GTX 1060;SSD;128 GB;HDD;1000 GB;1269.0
Core i7;8565U;8 GB;DDR4;UHD Graphics 620;SSD;256 GB;-;-;1269.14
Core i7;8750H;16 GB;DDR4;GeForce GTX 1060;SSD;512 GB;-;-;1278.0
Core i7;9750H;8 GB;DDR4;GeForce GTX 1660 Ti;SSD;512 GB;-;-;1278.01
Core i7;9750H;16 GB;DDR4;GeForce GTX 1660 Ti;SSD;512 GB;-;-;1279.0
Core i5;9300H;8 GB;DDR4;GeForce RTX 2060;SSD;1000 GB;-;-;1279.0
Core i7;8750H;16 GB;DDR4;GeForce GTX 1050;SSD;128 GB;HDD;1000 GB;1279.0
Core i7;8565U;16 GB;DDR4;GeForce MX250;SSD;512 GB;-;-;1282.0
Core i5;8265U;8 GB;DDR4;UHD Graphics 620;SSD;512 GB;-;-;1283.0
Core i7;8750H;16 GB;DDR4;GeForce GTX 1060;SSD;128 GB;HDD;1000 GB;1287.6
Core i7;8565U;8 GB;DDR3;GeForce MX150;SSD;512 GB;-;-;1287.99
Core i7;7500U;8 GB;DDR3;HD Graphics 620;SSD;512 GB;-;-;1288.0
Core i7;8750H;16 GB;DDR4;GeForce GTX 1060;SSD;512 GB;HDD;2000 GB;1289.0
Core i7;8650U;8 GB;DDR4;UHD Graphics 620;SSD;256 GB;-;-;1292.0
Core i5;8265U;8 GB;DDR4;UHD Graphics 620;SSD;256 GB;-;-;1292.0
Core i7;8550U;8 GB;DDR4;UHD Graphics 620;SSD;256 GB;-;-;1293.99
Core i7;7500U;8 GB;DDR4;HD Graphics 620;SSD;256 GB;-;-;1295.0
Core i7;8550U;16 GB;DDR4;UHD Graphics 620;SSD;512 GB;-;-;1295.0
Core i5;7200U;8 GB;DDR4;HD Graphics 620;SSD;256 GB;-;-;1295.0
Core i7;9750H;16 GB;DDR4;GeForce GTX 1650;SSD;512 GB;-;-;1296.0
Core i7;8550U;8 GB;DDR4;UHD Graphics 620;SSD;256 GB;-;-;1298.0
Core i5;9300H;16 GB;DDR4;GeForce GTX 1660;SSD;256 GB;HDD;1000 GB;1299.0
Core i5;8250U;8 GB;DDR3;UHD Graphics 620;SSD;256 GB;-;-;1299.0
Core i7;9750H;16 GB;DDR4;GeForce GTX 1650;SSD;512 GB;-;-;1299.0
Core i5;8265U;8 GB;DDR3;GeForce MX250;SSD;256 GB;-;-;1299.0
Core i5;8265U;8 GB;DDR4;UHD Graphics 620;SSD;256 GB;-;-;1299.0
Core i7;8565U;16 GB;DDR4;GeForce MX150;SSD;512 GB;-;-;1299.0
Core i7;9750H;8 GB;DDR4;GeForce GTX 1660 Ti;SSD;512 GB;-;-;1299.0
Core i7;9750H;16 GB;DDR4;GeForce GTX 1650;SSD;128 GB;HDD;1000 GB;1299.0
Core i7;8750H;16 GB;DDR4;GeForce GTX 1060;SSD;256 GB;-;-;1299.0
Core i7;8750H;16 GB;DDR4;GeForce GTX 1050;SSD;256 GB;HDD;1000 GB;1299.0
Core i7;8750H;12 GB;DDR4;GeForce GTX 1050 Ti;SSD;128 GB;Hybrid;1000 GB;1299.01
Core i5;8250U;8 GB;DDR4;UHD Graphics 620;SSD;256 GB;-;-;1299.9
Core i5;8265U;8 GB;DDR4;UHD Graphics 620;SSD;256 GB;-;-;1299.9
Core i7;8750H;8 GB;DDR4;GeForce GTX 1060;SSD;128 GB;HDD;1000 GB;1299.9
Core i7;9750H;8 GB;DDR4;GeForce GTX 1050;SSD;256 GB;-;-;1299.9
Core i7;10510U;16 GB;DDR4;GeForce MX250;SSD;512 GB;-;-;1303.0
Core i7;8550U;16 GB;DDR4;UHD Graphics 620;SSD;512 GB;-;-;1309.0
Core i7;8750H;16 GB;DDR4;GeForce GTX 1050;SSD;512 GB;HDD;1000 GB;1309.0
Core i7;8750H;16 GB;DDR4;GeForce GTX 1050 Ti;SSD;128 GB;HDD;1000 GB;1309.0
Core i5;8250U;8 GB;DDR4;UHD Graphics 620;SSD;256 GB;-;-;1311.0
Core i7;8665U;16 GB;DDR4;UHD Graphics 620;SSD;512 GB;-;-;1318.0
Core i5;8250U;8 GB;DDR4;UHD Graphics 620;SSD;256 GB;-;-;1318.0
Core i7;9750H;16 GB;DDR4;GeForce GTX 1650;SSD;256 GB;HDD;1000 GB;1319.0
Core i7;8550U;8 GB;DDR3;UHD Graphics 620;SSD;256 GB;-;-;1319.0
Core i7;6500U;8 GB;DDR3;HD Graphics 520;SSD;256 GB;-;-;1319.0
Core i5;8300H;8 GB;DDR4;GeForce GTX 1060;SSD;128 GB;HDD;1000 GB;1319.0
Core i7;8750H;8 GB;DDR4;GeForce GTX 1050 Ti;SSD;128 GB;HDD;1000 GB;1324.0
Core i7;6600U;16 GB;DDR3;GeForce 930M;SSD;512 GB;-;-;1325.0
Core i5;8265U;8 GB;DDR4;UHD Graphics 620;SSD;512 GB;-;-;1325.4
Core i7;8565U;16 GB;DDR4;Radeon RX 550X;SSD;512 GB;-;-;1329.0
Core i7;8550U;8 GB;DDR4;UHD Graphics 620;SSD;256 GB;-;-;1329.0
Core i7;8750H;16 GB;DDR4;GeForce GTX 1060;SSD;128 GB;Hybrid;1000 GB;1338.0
Core i7;8565U;16 GB;DDR4;GeForce MX250;SSD;512 GB;-;-;1338.0
Core i7;8550U;16 GB;DDR4;UHD Graphics 620;SSD;512 GB;-;-;1339.0
Core i5;8350U;16 GB;DDR4;UHD Graphics 620;SSD;512 GB;-;-;1339.0
Core i5;8250U;8 GB;DDR4;UHD Graphics 620;SSD;256 GB;-;-;1339.99
Core i5;9400H;16 GB;DDR4;UHD Graphics 630;SSD;256 GB;-;-;1340.0
Core i7;8750H;16 GB;DDR4;GeForce GTX 1060;SSD;256 GB;HDD;1000 GB;1342.0
Core i7;8750H;8 GB;DDR4;GeForce GTX 1050;SSD;128 GB;HDD;1000 GB;1344.0
Core i7;8550U;8 GB;DDR4;UHD Graphics 620;SSD;512 GB;-;-;1345.0
Core i7;8565U;16 GB;DDR4;GeForce MX250;SSD;512 GB;-;-;1347.0
Core i7;8565U;16 GB;DDR4;HD Graphics;SSD;256 GB;-;-;1347.0
Core i7;8750H;16 GB;DDR4;GeForce GTX 1060;SSD;256 GB;HDD;1000 GB;1348.04
Core i7;6600U;8 GB;-;-;SSD;256 GB;-;-;1349.0
Core i5;8265U;8 GB;DDR4;UHD Graphics 620;SSD;256 GB;-;-;1349.0
Core i7;8565U;16 GB;DDR4;UHD Graphics 620;SSD;512 GB;-;-;1349.0
Core i7;10510U;16 GB;DDR4;UHD Graphics;SSD;512 GB;-;-;1349.0
Core i7;9750H;16 GB;DDR4;GTX 1660 Ti;SSD;128 GB;HDD;1000 GB;1349.0
Core i7;8750H;16 GB;DDR4;GeForce GTX 1060;SSD;256 GB;HDD;1000 GB;1349.0
Core i7;8750H;16 GB;DDR4;GeForce GTX 1050 Ti;SSD;256 GB;HDD;1000 GB;1349.0
Core i7;8565U;16 GB;DDR3;UHD Graphics 620;SSD;512 GB;-;-;1349.0
Core i5;8250U;8 GB;DDR3;HD Graphics 620;SSD;256 GB;-;-;1349.0
Core i7;9750H;16 GB;DDR4;GeForce GTX 1650;SSD;512 GB;-;-;1349.0
Core i7;8565U;8 GB;DDR4;Radeon RX 550;SSD;256 GB;-;-;1349.0
Core i5;8250U;16 GB;DDR4;UHD Graphics 620;SSD;256 GB;-;-;1349.9
Core i5;9400H;16 GB;DDR4;UHD Graphics 630;SSD;512 GB;-;-;1351.0
Core i7;9850H;8 GB;DDR4;GeForce MX150;SSD;256 GB;-;-;1354.0
Core i7;8550U;8 GB;DDR4;UHD Graphics 620;SSD;256 GB;-;-;1354.0
Core i7;8565U;16 GB;DDR4;UHD Graphics 620;SSD;512 GB;-;-;1358.0
Core i5;8250U;8 GB;DDR4;UHD Graphics 620;SSD;256 GB;-;-;1359.0
Core i5;-;8 GB;DDR3;UHD Graphics 617;SSD;256 GB;-;-;1360.0
Core i5;-;8 GB;DDR3;Iris Plus Graphics 640;SSD;256 GB;-;-;1360.0
Core i5;9300H;8 GB;DDR4;GeForce GTX 1650;SSD;128 GB;HDD;1000 GB;1365.0
Core i5;9300H;8 GB;DDR4;GeForce GTX 1050;SSD;256 GB;-;-;1366.2
Core i7;8550U;16 GB;DDR4;UHD Graphics 620;SSD;512 GB;-;-;1368.0
Core i7;9750H;8 GB;DDR4;GeForce GTX 1660 Ti;SSD;256 GB;-;-;1368.0
Core i7;8750H;8 GB;DDR4;GeForce GTX 1050 Ti;SSD;128 GB;HDD;1000 GB;1368.5
Core i7;8550U;16 GB;DDR4;UHD Graphics 620;SSD;512 GB;-;16 GB;1369.0
Core i7;9750H;8 GB;DDR4;GeForce GTX 1660 Ti;SSD;256 GB;-;-;1369.0
Core i7;8550U;8 GB;DDR4;UHD Graphics 620;SSD;256 GB;-;-;1369.99
Core i7;8550U;16 GB;DDR4;UHD Graphics 620;SSD;512 GB;-;-;1369.99
Core i5;8265U;8 GB;DDR4;UHD Graphics 620;SSD;256 GB;-;-;1378.0
Core i7;8550U;8 GB;DDR3;UHD Graphics 620;SSD;256 GB;-;-;1379.0
Core i7;8750H;8 GB;DDR4;GeForce GTX 1060;SSD;256 GB;HDD;1000 GB;1379.0
Core i5;8265U;8 GB;DDR4;UHD Graphics 620;SSD;256 GB;-;-;1381.0
Core i7;6500U;16 GB;DDR3;HD Graphics 520;SSD;512 GB;-;-;1383.0
Core i7;8750H;8 GB;DDR4;GeForce GTX 1050 Ti;SSD;256 GB;-;-;1389.0
Core i5;9300H;8 GB;DDR4;GeForce RTX 2060;SSD;512 GB;SSD;6 GB;1397.01
Core i5;7300HQ;8 GB;DDR4;GeForce GTX 1060;SSD;256 GB;-;-;1398.0
Core i7;8750H;16 GB;DDR4;GeForce GTX 1050 Ti;SSD;128 GB;HDD;1000 GB;1399.0
Core i7;9750H;16 GB;DDR4;GeForce GTX 1660 Ti;SSD;128 GB;HDD;1000 GB;1399.0
Core i7;8565U;16 GB;DDR3;UHD Graphics 620;SSD;512 GB;-;-;1399.0
Core i7;8750H;8 GB;DDR4;GeForce RTX 2060;SSD;128 GB;HDD;1000 GB;1399.0
Core i7;9750H;16 GB;DDR4;GeForce GTX 1660 Ti;SSD;256 GB;HDD;1000 GB;1399.0
Core i7;8750H;12 GB;DDR4;GeForce GTX 1060;SSD;128 GB;HDD;1000 GB;1399.0
Core i7;8550U;16 GB;DDR3;UHD Graphics 620;SSD;512 GB;SSD;512 GB;1399.0
Core i7;8750H;8 GB;DDR4;Quadro P600;SSD;256 GB;-;-;1399.0
Core i5;7Y57;8 GB;-;HD Graphics 615;SSD;128 GB;-;-;1399.0
Core i7;8565U;16 GB;DDR4;UHD Graphics 620;SSD;512 GB;SSD;512 GB;1399.0
Core i5;9300H;8 GB;DDR4;GeForce GTX 1660 Ti;SSD;512 GB;-;-;1399.0
Core i7;7700HQ;8 GB;DDR4;Quadro M620;SSD;256 GB;-;-;1399.0
Core i5;10210U;8 GB;DDR4;GeForce MX250;SSD;512 GB;-;-;1399.0
Core i7;8750H;16 GB;DDR4;GeForce GTX 1050 Ti;SSD;256 GB;HDD;1000 GB;1399.0
Core i7;9750H;8 GB;DDR4;GeForce GTX 1660 Ti;SSD;512 GB;-;-;1399.0
Core i7;9750H;8 GB;DDR4;GeForce RTX 2060;SSD;512 GB;-;-;1399.01
Core i7;8565U;8 GB;DDR4;UHD Graphics 620;SSD;256 GB;-;-;1399.9
Core i5;8257U;8 GB;DDR3;Iris Plus Graphics 645;SSD;128 GB;-;-;1400.0
Core i7;8750H;8 GB;DDR4;GeForce GTX 1060;SSD;512 GB;-;-;1402.07
Core i5;7300U;16 GB;DDR4;HD Graphics 620;SSD;512 GB;-;-;1402.28
Core i7;8850H;8 GB;DDR4;UHD Graphics 630;SSD;256 GB;-;-;1403.99
Core i7;8565U;16 GB;DDR4;UHD Graphics 620;SSD;1000 GB;-;-;1409.0
Core i7;8665U;8 GB;DDR4;UHD Graphics 620;SSD;256 GB;-;-;1414.0
Core i5;8265U;16 GB;DDR4;UHD Graphics 620;SSD;256 GB;-;-;1414.0
Core i7;8565U;8 GB;DDR4;UHD Graphics 620;SSD;512 GB;-;-;1417.0
Core i7;8550U;8 GB;DDR4;Radeon Pro WX 3100;SSD;256 GB;-;-;1419.0
Core i7;8750H;16 GB;DDR4;GeForce GTX 1050 Ti;SSD;512 GB;-;-;1419.61
Core i7;8750H;8 GB;-;GeForce GTX 1050 Ti;SSD;256 GB;-;-;1419.99
Core i7;8550U;8 GB;DDR3;UHD Graphics 620;SSD;256 GB;-;-;1420.4
Core i5;8300H;8 GB;DDR4;GeForce GTX 1050 Ti;SSD;128 GB;HDD;1000 GB;1422.31
Core i7;8565U;16 GB;DDR4;UHD Graphics 620;SSD;512 GB;-;-;1424.0
Core i7;8550U;16 GB;DDR4;UHD Graphics 620;SSD;512 GB;-;-;1425.0
Core i7;8665U;16 GB;DDR4;UHD Graphics 620;SSD;256 GB;-;-;1426.0
Core i5;8250U;8 GB;DDR3;UHD Graphics 620;SSD;256 GB;-;-;1427.0
Core i5;8250U;8 GB;DDR4;UHD Graphics 620;SSD;512 GB;-;-;1428.0
Core i5;8250U;8 GB;DDR3;HD Graphics 620;SSD;256 GB;-;-;1429.0
Core i7;9750H;16 GB;DDR4;GeForce GTX 1660 Ti;SSD;256 GB;HDD;1000 GB;1429.0
Core i7;8550U;8 GB;DDR3;UHD Graphics 620;SSD;256 GB;-;-;1429.0
Core i7;9750H;8 GB;DDR4;GeForce GTX 1650;SSD;256 GB;HDD;1000 GB;1429.0
Core i5;8200Y;8 GB;DDR3;UHD Graphics 615;SSD;256 GB;-;-;1429.0
Core i7;8750H;16 GB;DDR4;GeForce GTX 1060;SSD;128 GB;HDD;1000 GB;1430.9
Core i5;8265U;8 GB;DDR4;UHD Graphics 620;SSD;256 GB;-;-;1433.0
Core i7;10510U;16 GB;DDR3;UHD Graphics 620;SSD;512 GB;-;-;1437.0
Core i7;9750H;16 GB;DDR4;GeForce GTX 1660 Ti;SSD;256 GB;HDD;2000 GB;1439.0
Core i7;8750H;16 GB;DDR4;GeForce GTX 1050 Ti;SSD;512 GB;-;-;1439.0
Core i7;9750H;8 GB;DDR4;GeForce GTX 1660 Ti;SSD;256 GB;HDD;1000 GB;1439.0
Core i7;9750H;8 GB;DDR4;GeForce GTX 1660 Ti;SSD;512 GB;-;-;1439.0
Core i7;9750H;8 GB;DDR4;GeForce RTX 2060;SSD;512 GB;-;-;1445.05
Core i5;8300H;8 GB;DDR4;Quadro P600;SSD;256 GB;-;-;1447.0
Core i7;9750H;8 GB;DDR4;GeForce GTX 1660 Ti;SSD;512 GB;-;-;1449.0
Core i7;9750H;16 GB;DDR4;GeForce GTX 1660 Ti;SSD;256 GB;-;-;1449.0
Core i7;8750H;16 GB;DDR4;GeForce GTX 1060;SSD;256 GB;HDD;1000 GB;1449.0
Core i7;8850H;16 GB;DDR4;GeForce MX130;SSD;256 GB;-;-;1449.0
Core i5;8265U;8 GB;DDR4;UHD Graphics 620;SSD;256 GB;-;-;1449.0
Core i7;8565U;8 GB;DDR4;GeForce MX150;SSD;512 GB;-;-;1449.0
Core i5;8365U;8 GB;DDR4;UHD Graphics 620;SSD;256 GB;-;-;1452.0
Core i5;8300H;8 GB;-;GeForce GTX 1050Ti;SSD;256 GB;-;-;1459.0
Core i7;8750H;8 GB;DDR4;GeForce GTX 1050 Ti;SSD;256 GB;-;-;1459.0
Core i7;8750H;16 GB;DDR4;GeForce GTX 1060;SSD;256 GB;HDD;1000 GB;1467.9
Core i7;9750H;16 GB;DDR4;GeForce GTX 1660 Ti;SSD;256 GB;HDD;1000 GB;1469.0
Core i7;9750H;8 GB;DDR4;GeForce RTX 2060;SSD;512 GB;-;-;1469.99
Core i7;8565U;16 GB;DDR4;UHD Graphics 620;SSD;512 GB;-;-;1475.0
Core i7;9750H;16 GB;DDR4;GeForce GTX 1660 Ti;SSD;512 GB;HDD;1000 GB;1478.01
Core i7;8750H;16 GB;DDR4;GeForce GTX 1050 Ti;SSD;256 GB;HDD;1000 GB;1478.5
Core i7;9750H;16 GB;DDR4;GeForce GTX 1660 Ti;SSD;512 GB;-;-;1479.0
Core i7;8565U;16 GB;DDR4;GeForce MX150;SSD;512 GB;-;-;1479.0
Core i7;8750H;8 GB;DDR4;GeForce GTX 1050 Ti;SSD;512 GB;-;-;1479.0
Core i7;9750H;16 GB;DDR4;GeForce GTX 1660 Ti;SSD;256 GB;HDD;1000 GB;1479.0
Core i7;7700HQ;8 GB;DDR4;GeForce GTX 1060;SSD;256 GB;HDD;1000 GB;1485.0
Core i7;8565U;16 GB;DDR4;Radeon RX 550;SSD;512 GB;-;-;1487.18
Core i7;9750H;8 GB;DDR4;GeForce GTX 1660 Ti;SSD;256 GB;HDD;1000 GB;1489.0
Core i7;9750H;8 GB;DDR4;GeForce GTX 1650;SSD;256 GB;-;-;1489.0
Core i7;8750H;8 GB;DDR4;GeForce GTX 1060;SSD;256 GB;-;-;1489.99
Core i7;9750H;8 GB;DDR4;GeForce RTX 2060;SSD;128 GB;HDD;1000 GB;1490.0
Core i5;8350U;8 GB;DDR4;UHD Graphics 620;SSD;256 GB;-;-;1490.0
Core i7;8750H;16 GB;DDR4;GeForce GTX 1060;SSD;256 GB;Hybrid;1000 GB;1491.8
Core i7;9750H;8 GB;DDR4;GeForce GTX 1650;SSD;128 GB;HDD;1000 GB;1494.0
Core i7;8550U;16 GB;DDR4;Radeon Pro WX 3100;SSD;512 GB;SSD;-;1495.0
Core i7;9750H;12 GB;DDR4;GeForce GTX 1650;SSD;128 GB;HDD;1000 GB;1497.0
Core i5;7200U;8 GB;DDR4;HD Graphics 620;SSD;256 GB;-;-;1497.99
Core i7;8750H;16 GB;DDR4;GeForce GTX 1060;SSD;256 GB;HDD;1000 GB;1499.0
Core i7;8550U;16 GB;DDR3;UHD Graphics 620;SSD;256 GB;-;-;1499.0
Core i7;9750H;16 GB;DDR4;GeForce GTX 1660 Ti;SSD;256 GB;-;-;1499.0
Core i7;9750H;16 GB;DDR4;GeForce GTX 1650;SSD;256 GB;HDD;1000 GB;1499.0
Core i7;9750H;16 GB;DDR4;GeForce GTX 1660 Ti;SSD;512 GB;HDD;1000 GB;1499.0
Core i7;8500Y;8 GB;DDR3;UHD Graphics 615;SSD;256 GB;SSD;256 GB;1499.0
Core i7;8550U;8 GB;DDR3;UHD Graphics 620;SSD;256 GB;-;-;1499.0
Core i5;8265U;8 GB;DDR4;UHD Graphics 620;SSD;256 GB;-;-;1499.0
Core i7;8550U;8 GB;DDR3;UHD Graphics 620;SSD;512 GB;-;-;1499.0
Core i5;8265U;8 GB;DDR4;UHD Graphics 620;SSD;256 GB;-;-;1499.0
Core i5;8265U;8 GB;DDR4;UHD Graphics 620;SSD;256 GB;-;-;1499.0
Core i7;8650U;8 GB;DDR4;UHD Graphics 620;SSD;256 GB;-;-;1499.0
Core i7;8665U;8 GB;DDR4;UHD Graphics 620;SSD;256 GB;-;-;1507.0
Core i7;8665U;16 GB;DDR4;UHD Graphics 620;SSD;512 GB;-;-;1513.0
Core i5;8265U;8 GB;DDR4;UHD Graphics 620;SSD;512 GB;-;-;1525.99
Core i7;8550U;8 GB;DDR4;HD Graphics 620;SSD;256 GB;-;-;1528.0
Core i7;8665U;16 GB;DDR4;UHD Graphics 620;SSD;512 GB;-;-;1529.0
Core i7;9750H;16 GB;DDR4;GeForce GTX 1660 Ti;SSD;256 GB;-;-;1529.0
Core i5;8300H;16 GB;DDR4;GeForce RTX 2060;SSD;256 GB;-;-;1529.0
Core i7;8550U;8 GB;DDR4;UHD Graphics 620;SSD;512 GB;-;-;1534.0
Core i7;8750H;16 GB;DDR4;GeForce GTX 1070;SSD;512 GB;HDD;1000 GB;1539.0
Core i7;8565U;8 GB;DDR3;UHD Graphics 620;SSD;256 GB;-;-;1549.0
Core i7;8565U;16 GB;DDR4;GeForce MX150;SSD;512 GB;-;-;1549.0
Core i7;9750H;16 GB;DDR4;GeForce GTX 1650;SSD;512 GB;-;-;1549.0
Core i7;8565U;16 GB;DDR4;UHD Graphics 620;SSD;256 GB;-;-;1549.0
Core i5;7Y57;8 GB;-;HD Graphics 615;SSD;256 GB;-;-;1549.0
Core i5;8265U;16 GB;DDR4;UHD Graphics 620;SSD;512 GB;-;-;1549.99
Core i7;8550U;8 GB;DDR4;Radeon Pro WX 3100;SSD;256 GB;-;-;1555.0
Core i5;8350U;8 GB;DDR4;UHD Graphics 620;SSD;256 GB;-;-;1557.0
Core i7;7700HQ;16 GB;DDR4;GeForce GTX 1050 Ti;SSD;512 GB;-;-;1559.0
Core i7;9750H;16 GB;DDR4;GeForce RTX 2060;SSD;128 GB;HDD;1000 GB;1559.0
Core i7;8565U;16 GB;DDR3;UHD Graphics 620;SSD;256 GB;-;-;1559.0
Core i7;8750H;16 GB;DDR4;GeForce GTX 1060;SSD;256 GB;HDD;2000 GB;1564.0
Core i7;9750H;8 GB;DDR4;GeForce GTX 1650;SSD;512 GB;-;-;1565.0
Core i5;10210U;8 GB;DDR3;UHD Graphics;SSD;256 GB;-;-;1569.0
Core i7;9750H;8 GB;DDR4;GeForce GTX 1660 Ti;SSD;256 GB;-;-;1569.99
Core i7;8565U;16 GB;DDR4;UHD Graphics 620;SSD;512 GB;-;-;1571.0
Core i5;8365U;16 GB;DDR4;UHD Graphics 620;SSD;512 GB;-;-;1573.0
Core i7;7700HQ;16 GB;DDR4;GeForce GTX 1060;SSD;256 GB;HDD;1000 GB;1574.0
Core i5;8250U;8 GB;DDR4;UHD Graphics 620;SSD;256 GB;-;-;1576.0
Core i5;8250U;8 GB;DDR4;UHD Graphics 620;SSD;256 GB;-;-;1577.0
Core i7;8550U;16 GB;DDR4;UHD Graphics 620;SSD;512 GB;-;-;1579.0
Core i5;8210Y;16 GB;DDR3;UHD Graphics 617;SSD;512 GB;-;-;1579.0
Core i7;7820HQ;8 GB;DDR4;Quadro M620;SSD;256 GB;-;-;1579.0
Core i7;8550U;8 GB;DDR4;UHD Graphics 620;SSD;512 GB;-;-;1579.0
Core i7;9750H;8 GB;DDR4;GeForce GTX 1660 Ti;SSD;512 GB;-;-;1579.0
Core i7;8565U;8 GB;DDR4;UHD Graphics 620;SSD;256 GB;-;-;1582.0
Core i7;9850H;16 GB;DDR4;UHD Graphics 630;SSD;512 GB;-;-;1583.0
Core i7;9750H;16 GB;DDR4;GeForce GTX 1660 Ti;SSD;256 GB;HDD;1000 GB;1587.0
Core i5;8350U;8 GB;DDR4;UHD Graphics 620;SSD;256 GB;-;-;1587.0
Core i7;8565U;16 GB;DDR4;UHD Graphics 620;SSD;512 GB;-;-;1589.0
Core i5;8365U;8 GB;DDR4;UHD Graphics 620;SSD;256 GB;-;-;1592.0
Core i5;8265U;8 GB;DDR4;UHD Graphics 620;SSD;256 GB;-;-;1594.0
Core i7;8565U;16 GB;DDR3;GeForce MX150;SSD;512 GB;-;-;1595.0
Core i7;8550U;8 GB;DDR3;UHD Graphics 620;SSD;256 GB;-;-;1598.99
Core i7;8550U;16 GB;DDR3;GeForce MX150;SSD;512 GB;-;-;1599.0
Core i7;9750H;16 GB;DDR4;GeForce GTX 1660 Ti;SSD;256 GB;HDD;1000 GB;1599.0
Core i7;8550U;16 GB;DDR3;UHD Graphics 620;SSD;512 GB;-;-;1599.0
Core i7;9750H;16 GB;DDR4;GeForce GTX 1660Ti;SSD;256 GB;HDD;1000 GB;1599.0
Core i7;8565U;16 GB;DDR3;GeForce MX150;SSD;512 GB;-;-;1599.0
Core i7;8565U;16 GB;DDR3;UHD Graphics 620;SSD;512 GB;-;-;1599.0
Core i7;8565U;8 GB;DDR4;UHD Graphics 620;SSD;256 GB;-;-;1599.0
Core i7;8550U;16 GB;DDR3;GeForce MX150;SSD;512 GB;-;-;1610.99
Core i7;8850H;16 GB;DDR4;UHD Graphics 630;SSD;512 GB;-;-;1629.2
Core i7;7700HQ;8 GB;DDR4;Quadro M1200;SSD;256 GB;-;-;1629.95
Core i7;7500U;16 GB;DDR4;HD Graphics 620;SSD;512 GB;-;-;1638.0
Core i7;8750H;16 GB;DDR4;GeForce GTX 1070;SSD;128 GB;HDD;1000 GB;1638.0
Core i7;9750H;16 GB;DDR4;GeForce RTX 2060;SSD;1000 GB;-;-;1639.0
Core i7;8550U;16 GB;DDR3;UHD Graphics 620;SSD;512 GB;-;-;1648.0
Core i7;10510U;16 GB;DDR3;GeForce MX250;SSD;512 GB;-;-;1649.0
Core i7;9750H;16 GB;DDR4;GeForce GTX 1660 Ti;SSD;512 GB;-;-;1649.0
Core i7;8750H;16 GB;DDR4;GeForce GTX 1060;SSD;512 GB;-;-;1649.0
Core i7;8565U;8 GB;DDR3;UHD Graphics 620;SSD;256 GB;SSD;256 GB;1649.0
Core i7;8565U;16 GB;DDR4;GeForce MX250;SSD;1000 GB;-;-;1649.0
Core i7;8565U;16 GB;DDR3;GeForce MX250;SSD;1000 GB;-;-;1649.0
Core i7;9750H;8 GB;DDR4;Quadro P620;SSD;256 GB;-;-;1649.0
Core i7;9750H;16 GB;DDR4;GeForce GTX 1660 Ti;SSD;512 GB;SSD;512 GB;1649.0
Core i5;8265U;8 GB;DDR3;UHD Graphics 620;SSD;256 GB;-;-;1649.0
Core i5;8265U;8 GB;DDR4;UHD Graphics 620;SSD;512 GB;-;-;1649.0
Core i7;9750H;16 GB;DDR4;GeForce GTX 1660Ti;SSD;256 GB;HDD;1000 GB;1649.8
Core i7;8750H;16 GB;DDR4;Quadro P600;SSD;512 GB;-;-;1650.0
Core i7;8750H;8 GB;DDR4;GeForce RTX 2060;SSD;128 GB;HDD;1000 GB;1658.0
Core i7;9750H;16 GB;DDR4;GeForce RTX 2060;SSD;512 GB;HDD;1000 GB;1659.0
Core i7;8665U;8 GB;DDR4;UHD Graphics 620;SSD;256 GB;-;-;1659.0
Core i5;8250U;8 GB;DDR3;UHD Graphics 620;SSD;256 GB;-;-;1665.0
Core i7;8565U;8 GB;DDR4;Radeon Pro WX2100;SSD;256 GB;-;-;1669.0
Core i7;9850H;16 GB;DDR4;GeForce MX150;SSD;512 GB;-;-;1673.0
Core i5;8265U;8 GB;DDR4;UHD Graphics 620;SSD;256 GB;-;-;1673.0
Core i7;8550U;8 GB;DDR4;UHD Graphics 620;SSD;512 GB;-;-;1677.0
Core i7;7500U;16 GB;DDR4;HD Graphics 620;SSD;512 GB;-;-;1680.0
Core i7;8565U;16 GB;DDR3;GeForce MX250;SSD;512 GB;-;-;1689.0
Core i7;8565U;8 GB;DDR4;Radeon Pro WX2100;SSD;512 GB;-;-;1689.0
Core i7;10510U;16 GB;DDR3;UHD Graphics 620;SSD;512 GB;-;-;1689.0
Core i7;8750H;16 GB;DDR4;GeForce RTX 2060;SSD;128 GB;HDD;1000 GB;1689.0
Core i5;-;8 GB;DDR3;Iris Plus Graphics 645;SSD;256 GB;-;-;1689.94
Core i7;8550U;8 GB;DDR3;UHD Graphics 620;SSD;512 GB;-;-;1694.0
Core i7;10510U;16 GB;DDR4;GeForce MX250;SSD;512 GB;-;-;1697.0
Core i5;8259U;8 GB;DDR3;Iris Plus Graphics 655;SSD;256 GB;SSD;-;1699.0
Core i7;8565U;16 GB;DDR3;GeForce GTX 1650;SSD;1000 GB;-;-;1699.0
Core i7;8750H;16 GB;DDR4;GeForce GTX 1050 Ti;SSD;512 GB;-;-;1699.0
Core i7;8650U;8 GB;DDR3;UHD Graphics 620;SSD;256 GB;-;-;1699.0
Core i7;9750H;16 GB;DDR4;GeForce RTX 2060;SSD;256 GB;HDD;1000 GB;1699.0
Core i7;9750H;16 GB;DDR4;GeForce RTX 2060;SSD;512 GB;-;-;1699.0
Core i7;9750H;16 GB;DDR4;GeForce RTX 2060;SSD;512 GB;-;-;1699.0
Core i7;8750H;8 GB;DDR4;Quadro P1000;SSD;256 GB;-;-;1699.0
Core i7;8550U;12 GB;DDR4;UHD Graphics 620;SSD;256 GB;-;-;1699.0
Core i7;8750H;8 GB;DDR4;GeForce GTX 1060;SSD;256 GB;HDD;1000 GB;1699.0
Core i7;8650U;8 GB;DDR4;UHD Graphics 620;SSD;256 GB;-;-;1707.95
Core i7;9750H;16 GB;DDR4;GeForce RTX 2060;SSD;1000 GB;-;-;1729.0
Core i7;8565U;16 GB;DDR4;GeForce MX250;SSD;512 GB;-;-;1734.0
Core i7;8750H;16 GB;DDR4;GeForce RTX 2060;SSD;256 GB;HDD;1000 GB;1739.0
Core i7;8750H;16 GB;DDR4;GeForce GTX 1060;SSD;256 GB;HDD;1000 GB;1739.0
Core i5;8265U;16 GB;DDR4;UHD Graphics 620;SSD;512 GB;-;-;1747.99
Core i7;8565U;16 GB;DDR3;MX150;SSD;256 GB;-;-;1749.0
Core i7;9750H;16 GB;DDR4;GeForce RTX 2060;SSD;512 GB;HDD;1000 GB;1749.0
Core i7;8565U;16 GB;DDR4;GeForce GTX 1050;SSD;512 GB;-;-;1749.0
Core i7;9750H;16 GB;DDR4;GeForce GTX 1660 Ti;SSD;256 GB;HDD;1000 GB;1749.0
Core i7;8550U;8 GB;DDR4;UHD Graphics 620;SSD;512 GB;-;-;1749.0
Core i7;8565U;16 GB;DDR4;UHD Graphics 620;SSD;256 GB;-;-;1749.0
Core i7;9750H;16 GB;DDR4;GeForce RTX 2060;SSD;512 GB;-;-;1749.0
Core i7;8565U;16 GB;DDR3;GeForce MX150;SSD;512 GB;-;-;1749.0
Core i7;8550U;8 GB;DDR4;UHD Graphics 620;SSD;512 GB;-;-;1750.0
Core i7;8550U;8 GB;DDR4;UHD Graphics 620;SSD;256 GB;-;-;1752.0
Core i7;7Y75;16 GB;-;HD Graphics 615;SSD;512 GB;-;-;1759.0
Core i7;8550U;8 GB;DDR4;UHD Graphics 620;SSD;256 GB;-;-;1759.01
Core i7;8750H;16 GB;DDR4;GeForce GTX 1050 Ti;SSD;512 GB;-;-;1768.0
Core i7;8565U;8 GB;DDR4;UHD Graphics 620;SSD;512 GB;-;8 GB;1768.0
Core i7;9750H;16 GB;DDR4;GeForce RTX 2060;SSD;512 GB;-;-;1769.0
Core i7;8550U;16 GB;DDR4;UHD Graphics 620;SSD;512 GB;-;-;1775.0
Core i5;1035G7;8 GB;DDR4;Iris Plus Graphics;SSD;256 GB;-;-;1779.0
Core i7;9750H;16 GB;DDR4;GeForce RTX 2060;SSD;1000 GB;-;-;1779.0
Core i7;8750H;16 GB;DDR4;GeForce RTX 2060;SSD;512 GB;Hybrid;1000 GB;1779.0
Core i7;8750H;16 GB;DDR4;GeForce GTX 1070;SSD;256 GB;HDD;1000 GB;1782.0
Core i5;-;8 GB;DDR3;HD Graphics 615;SSD;512 GB;-;-;1785.0
Core i5;8400H;16 GB;DDR4;GeForce GTX 1050;SSD;256 GB;SSD;16 GB;1788.0
Core i7;8750H;16 GB;DDR4;GeForce RTX 2060;SSD;512 GB;-;-;1789.0
Core i7;9750H;16 GB;DDR4;GeForce GTX 1660 Ti;SSD;512 GB;-;-;1792.0
Core i7;8650U;16 GB;DDR4;UHD Graphics 620;SSD;512 GB;-;-;1798.0
Core i7;9750H;16 GB;DDR4;GeForce GTX 1660Ti;SSD;512 GB;-;-;1799.0
Core i7;8565U;16 GB;DDR4;GeForce MX250;SSD;512 GB;SSD;32 GB;1799.0
Core i7;8550U;16 GB;DDR4;UHD Graphics 620;SSD;1000 GB;-;-;1799.0
Core i7;8550U;16 GB;DDR3;UHD Graphics 620;SSD;512 GB;-;-;1799.0
Core i7;8565U;8 GB;DDR3;GeForce MX150;SSD;512 GB;-;-;1799.0
Core i7;8565U;16 GB;DDR4;GeForce GTX 1050;SSD;512 GB;-;-;1799.0
Core i5;8305G;8 GB;DDR4;Radeon RX Vega 870;SSD;256 GB;-;-;1799.0
Core i7;8565U;16 GB;DDR3;UHD Graphics 620;SSD;512 GB;-;-;1799.0
Core i7;8550U;8 GB;DDR4;UHD Graphics 620;SSD;256 GB;-;-;1799.0
Core i7;8750H;16 GB;DDR4;GeForce GTX 1060;SSD;256 GB;Hybrid;1000 GB;1799.0
Core i5;-;8 GB;DDR3;Iris Plus Graphics 650;SSD;256 GB;-;-;1800.0
Core i7;9750H;16 GB;DDR4;GeForce RTX 2060;SSD;256 GB;HDD;1000 GB;1803.0
Core i5;8300H;8 GB;DDR4;GeForce GTX 1050;SSD;128 GB;HDD;1000 GB;1803.99
Core i5;8305G;8 GB;DDR4;Radeon Pro WX Vega M GL;SSD;256 GB;-;-;1809.99
Core i7;8550U;8 GB;DDR4;UHD Graphics 620;SSD;512 GB;-;-;1819.0
Core i5;8259U;8 GB;DDR3;Iris Plus Graphics 655;SSD;512 GB;-;-;1823.0
Core i7;8750H;16 GB;DDR4;GeForce GTX 1060;SSD;256 GB;HDD;2000 GB;1829.0
Core i7;8565U;16 GB;DDR3;GeForce MX150;SSD;512 GB;-;-;1829.0
Core i7;9750H;16 GB;DDR4;GeForce RTX 2060;SSD;512 GB;-;-;1848.0
Core i7;8550U;16 GB;DDR4;Quadro P500;SSD;256 GB;-;-;1848.9
Core i7;8565U;16 GB;DDR4;UHD Graphics 620;SSD;512 GB;-;-;1849.0
Core i7;9750H;16 GB;-;GeForce RTX 2060;SSD;256 GB;HDD;1000 GB;1849.0
Core i7;9850H;16 GB;DDR4;UHD Graphics 630;SSD;512 GB;-;-;1849.0
Core i5;9300H;8 GB;DDR4;GeForce GTX 1650;SSD;256 GB;-;-;1849.0
Core i5;-;8 GB;DDR3;Iris Graphics 550;SSD;512 GB;-;-;1850.0
Core i5;8265U;8 GB;DDR4;UHD Graphics 620;SSD;256 GB;-;-;1852.0
Core i5;8265U;16 GB;DDR4;UHD Graphics 620;SSD;512 GB;-;-;1855.0
Core i7;9750H;16 GB;DDR4;GeForce GTX 1660 Ti;SSD;512 GB;-;-;1859.0
Core i5;8265U;8 GB;DDR3;UHD Graphics 620;SSD;256 GB;-;-;1859.0
Core i7;8750H;16 GB;DDR4;GeForce GTX 1070;SSD;256 GB;HDD;1000 GB;1860.0
Core i5;8300H;8 GB;DDR4;Radeon RX Vega 870;SSD;128 GB;HDD;1000 GB;1860.0
Core i7;7600U;8 GB;DDR4;Iris Plus Graphics 640;SSD;256 GB;-;-;1867.85
Core i5;-;8 GB;DDR3;Iris Plus Graphics 655;SSD;256 GB;-;-;1870.0
Core i7;8650U;16 GB;DDR4;UHD Graphics 620;SSD;512 GB;-;-;1874.73
Core i7;9750H;16 GB;DDR4;GeForce RTX 2060;SSD;512 GB;-;-;1879.0
Core i7;9750H;16 GB;DDR4;GeForce RTX 2060;SSD;1000 GB;-;-;1889.0
Core i5;-;8 GB;DDR3;Iris Plus Graphics 650;SSD;512 GB;-;-;1890.0
Core i5;8250U;8 GB;DDR4;UHD Graphics 620;SSD;256 GB;-;-;1897.0
Core i7;8750H;16 GB;DDR4;GeForce GTX 1050 Ti;SSD;512 GB;-;-;1899.0
Core i7;8565U;16 GB;DDR4;GeForce GTX 1050;SSD;512 GB;-;-;1899.0
Core i7;8565U;16 GB;DDR3;GeForce MX250;SSD;1000 GB;-;-;1899.0
Core i7;8750H;8 GB;DDR4;GeForce GTX 1060;SSD;128 GB;HDD;1000 GB;1899.0
Core i7;8750H;16 GB;DDR4;GeForce GTX 1070;SSD;256 GB;Hybrid;1000 GB;1899.0
Core i7;8750H;16 GB;DDR4;GeForce GTX 1070;SSD;256 GB;-;-;1899.0
Core i7;8550U;16 GB;DDR4;UHD Graphics 620;SSD;512 GB;-;-;1899.0
Core i7;8565U;16 GB;DDR4;UHD Graphics 620;SSD;512 GB;-;-;1899.0
Core i7;8750H;16 GB;DDR4;GeForce RTX 2060;SSD;256 GB;Hybrid;1008 GB;1899.0
Core i7;9750H;16 GB;DDR4;GeForce GTX 1660 Ti;SSD;256 GB;-;-;1899.9
Core i7;8565U;16 GB;DDR4;UHD Graphics 620;SSD;512 GB;-;-;1908.99
Core i5;8250U;8 GB;DDR4;UHD Graphics 620;SSD;256 GB;-;-;1911.0
Core i7;8750H;16 GB;DDR4;GeForce RTX 2060;SSD;256 GB;HDD;1000 GB;1916.57
Core i7;8750H;8 GB;DDR4;GeForce GTX 1050 Ti;SSD;256 GB;-;-;1922.99
Core i7;8750H;8 GB;DDR4;GeForce GTX 1050 Ti;SSD;256 GB;-;-;1929.0
Core i7;8550U;16 GB;DDR4;Radeon FirePro WX3100;SSD;1000 GB;-;-;1933.0
Core i7;8750H;16 GB;DDR4;GeForce GTX 1050;SSD;256 GB;-;-;1936.0
Core i7;8750H;16 GB;DDR4;GeForce GTX 1050 Ti;SSD;512 GB;-;-;1939.0
Core i7;8750H;16 GB;DDR4;GeForce GTX 1060;SSD;256 GB;HDD;1000 GB;1945.0
Core i7;8750H;8 GB;DDR4;Quadro P1000;SSD;256 GB;-;-;1945.0
Core i7;10510U;16 GB;DDR3;UHD Graphics;SSD;512 GB;-;-;1948.9
Core i7;8565U;8 GB;DDR3;UHD Graphics 620;SSD;256 GB;-;-;1948.99
Core i7;8750H;16 GB;DDR4;GeForce GTX 1060;SSD;256 GB;HDD;1000 GB;1949.0
Core i7;8565U;16 GB;DDR4;UHD Graphics 620;SSD;512 GB;-;-;1949.0
Core i7;9750H;16 GB;DDR4;GeForce RTX 2060;SSD;256 GB;HDD;1000 GB;1949.0
Core i7;8750H;16 GB;DDR4;GeForce GTX 1060;SSD;256 GB;Hybrid;1000 GB;1949.0
Core i7;8565U;16 GB;DDR4;UHD Graphics 620;SSD;512 GB;-;-;1969.0
Core i7;8550U;16 GB;DDR4;UHD Graphics 620;SSD;512 GB;-;-;1969.99
Core i7;9750H;16 GB;DDR4;GeForce RTX 2060;SSD;512 GB;-;-;1972.0
Core i7;8665U;16 GB;DDR4;UHD Graphics 620;SSD;512 GB;-;-;1978.95
Core i7;8750H;8 GB;DDR4;UHD Graphics 630;SSD;256 GB;-;-;1985.0
Core i7;8750H;8 GB;DDR4;Quadro P1000;SSD;512 GB;-;-;1989.0
Core i7;8565U;16 GB;DDR3;UHD Graphics 620;SSD;512 GB;-;-;1995.0
Core i5;8350U;8 GB;DDR4;UHD Graphics 620;SSD;256 GB;-;-;1996.2
Core i7;9750H;16 GB;-;GeForce RTX 2070;SSD;256 GB;HDD;1000 GB;1999.0
Core i7;8750H;8 GB;DDR4;GeForce GTX 1050 Ti;SSD;128 GB;HDD;1000 GB;1999.0
Core i7;9750H;16 GB;DDR4;GeForce RTX 2070;SSD;512 GB;-;-;1999.0
Core i7;10510U;16 GB;DDR3;UHD Graphics;SSD;512 GB;-;-;1999.0
Core i7;7500U;8 GB;DDR4;HD Graphics 620;SSD;512 GB;-;-;1999.0
Core i7;8500Y;8 GB;DDR3;UHD Graphics 615;SSD;256 GB;-;-;1999.0
Core i7;8750H;16 GB;DDR4;GeForce RTX 2060;SSD;128 GB;HDD;1000 GB;1999.0
Core i7;9750H;16 GB;DDR4;GeForce RTX 2060;SSD;512 GB;-;-;1999.9
Core i7;8665U;16 GB;DDR4;UHD Graphics 620;SSD;512 GB;-;-;2003.99
Core i7;9750H;16 GB;DDR4;GeForce RTX 2070;SSD;512 GB;HDD;1000 GB;2005.0
Core i7;8705G;8 GB;DDR4;Radeon RX Vega 870;SSD;256 GB;-;-;2010.87
Core i7;8750H;16 GB;DDR4;GeForce RTX 2060;SSD;256 GB;HDD;1000 GB;2014.0
Core i7;9750H;16 GB;DDR4;GeForce RTX 2060;SSD;256 GB;HDD;1000 GB;2049.0
Core i7;9750H;16 GB;DDR4;Quadro P620;SSD;256 GB;HDD;1000 GB;2049.0
Core i7;9750H;16 GB;DDR4;GeForce RTX 2060;SSD;512 GB;-;-;2049.0
Core i7;9750H;16 GB;DDR4;GeForce RTX 2070;SSD;512 GB;-;-;2064.0
Core i7;8565U;16 GB;DDR4;UHD Graphics 620;SSD;512 GB;-;-;2074.0
Core i7;8550U;16 GB;DDR4;GeForce MX150;SSD;512 GB;-;-;2092.0
Core i7;8565U;16 GB;DDR3;MX150;SSD;512 GB;-;-;2099.0
Core i7;10510U;16 GB;DDR3;UHD Graphics;SSD;1000 GB;-;-;2099.0
Core i7;10510U;16 GB;DDR3;GeForce GTX 1650;SSD;512 GB;-;-;2099.0
Core i7;8705G;8 GB;DDR4;Radeon RX Vega 870;SSD;512 GB;-;-;2099.0
Core i7;8550U;8 GB;DDR4;UHD Graphics 620;SSD;512 GB;-;-;2099.0
Core i5;8265U;16 GB;DDR3;UHD Graphics 620;SSD;256 GB;-;-;2099.0
Core i7;7700HQ;16 GB;DDR4;GeForce GTX 1070;SSD;256 GB;HDD;1000 GB;2099.0
Core i7;8750H;16 GB;DDR4;Quadro P1000;SSD;256 GB;-;-;2099.0
Core i7;8750H;16 GB;DDR4;GeForce GTX 1070;SSD;256 GB;HDD;1000 GB;2100.17
Core i7;8565U;16 GB;DDR4;UHD Graphics 620;SSD;512 GB;-;-;2101.0
Core i7;9750H;8 GB;DDR4;GeForce GTX 1650;SSD;512 GB;-;-;2103.0
Core i7;9750H;16 GB;DDR4;GeForce RTX 2060;SSD;512 GB;HDD;1000 GB;2112.0
Core i7;8665U;16 GB;DDR4;UHD Graphics 620;SSD;512 GB;-;-;2115.0
Core i7;8850H;16 GB;DDR4;Quadro P1000;SSD;256 GB;-;-;2119.0
Core i7;8750H;16 GB;DDR4;GeForce GTX 1050 Ti;SSD;256 GB;-;-;2129.0
Core i7;8750H;16 GB;DDR4;Quadro P2000;SSD;256 GB;HDD;1000 GB;2138.0
Core i7;8750H;16 GB;DDR4;GeForce GTX 1050;SSD;512 GB;-;-;2138.0
Core i7;8650U;8 GB;DDR4;UHD Graphics 620;SSD;256 GB;-;-;2145.0
Core i7;8650U;16 GB;DDR4;UHD Graphics 620;SSD;512 GB;-;-;2145.0
Core i7;9750H;16 GB;DDR4;GeForce RTX 2060;SSD;512 GB;-;-;2149.0
Core i7;8750H;16 GB;DDR4;GeForce GTX 1070;SSD;256 GB;Hybrid;1008 GB;2149.0
Core i7;8550U;16 GB;DDR4;UHD Graphics 620;SSD;512 GB;-;-;2149.0
Core i7;10510U;16 GB;DDR3;GeForce GTX 1650;SSD;1000 GB;-;-;2149.0
Core i7;8565U;16 GB;DDR4;GeForce GTX 1050 Ti;SSD;512 GB;HDD;1000 GB;2149.0
Core i7;-;16 GB;DDR4;Quadro P600;SSD;512 GB;-;-;2153.8
Core i7;8750H;8 GB;DDR4;Quadro P2000;SSD;256 GB;-;-;2165.0
Core i7;1065G7;16 GB;DDR4;Iris Plus Graphics;SSD;512 GB;-;-;2166.0
Core i7;1065G7;16 GB;DDR4;Iris Plus Graphics;SSD;256 GB;-;-;2169.0
Core i7;10710U;16 GB;DDR4;GeForce GTX 1650;SSD;512 GB;-;-;2169.0
Core i7;8750H;16 GB;DDR4;GeForce GTX 1060;SSD;512 GB;-;-;2175.0
Core i7;8750H;16 GB;DDR4;Quadro P2000;SSD;256 GB;-;-;2179.0
Core i5;-;8 GB;DDR3;Iris Plus Graphics 655;SSD;512 GB;-;-;2180.0
Core i7;8550U;16 GB;DDR3;UHD Graphics 620;SSD;512 GB;-;-;2182.0
Core i7;6500U;16 GB;DDR3;HD Graphics 520;SSD;512 GB;-;-;2189.9
Core i7;9750H;16 GB;DDR4;GeForce RTX 2070;SSD;512 GB;-;-;2190.0
Core i7;9750H;16 GB;DDR4;GeForce GTX 1650;SSD;512 GB;-;-;2199.0
Core i7;9750H;16 GB;DDR4;GeForce GTX 1650;SSD;512 GB;-;-;2199.0
Core i7;1065G7;16 GB;DDR4;Iris Plus Graphics;SSD;512 GB;-;-;2199.0
Core i7;8550U;16 GB;DDR3;UHD Graphics 620;SSD;1000 GB;-;-;2199.0
Core i7;8565U;16 GB;DDR4;GeForce GTX 1050;SSD;1000 GB;-;-;2199.0
Core i7;8565U;16 GB;DDR3;GeForce GTX 1050;SSD;256 GB;HDD;2000 GB;2199.0
Core i7;8750H;16 GB;DDR4;Quadro P1000;SSD;256 GB;-;-;2199.0
Core i7;8550U;8 GB;DDR4;UHD Graphics 620;SSD;256 GB;-;-;2199.0
Core i7;8750H;16 GB;DDR4;GeForce RTX 2060;SSD;256 GB;HDD;1000 GB;2199.23
Core i7;8750H;16 GB;DDR4;Quadro P2000;SSD;256 GB;HDD;1000 GB;2215.0
Core i7;8565U;16 GB;DDR4;GeForce MX150;SSD;512 GB;-;-;2239.0
Core i7;8750H;16 GB;DDR4;GeForce RTX 2060;SSD;512 GB;-;-;2240.0
Core i7;9750H;16 GB;DDR4;GeForce RTX 2070;SSD;256 GB;HDD;1000 GB;2241.0
Core i7;9750H;16 GB;DDR4;GeForce RTX 2060;SSD;512 GB;HDD;1000 GB;2249.0
Core i7;8565U;16 GB;DDR4;UHD Graphics 620;SSD;256 GB;-;-;2249.0
Core i7;8750H;8 GB;DDR4;Quadro P1000;SSD;256 GB;-;-;2265.0
Core i7;8500Y;16 GB;DDR3;Intel UHD 615;SSD;512 GB;-;-;2269.0
Core i5;8305G;8 GB;DDR4;Radeon RX Vega 870;SSD;256 GB;-;-;2269.0
Core i7;8750H;16 GB;DDR4;GeForce GTX 1060;SSD;128 GB;HDD;1000 GB;2269.0
Core i7;9750H;16 GB;DDR4;Quadro T1000;SSD;256 GB;HDD;1000 GB;2272.03
Core i7;8750H;16 GB;DDR4;GeForce RTX 2070;SSD;256 GB;HDD;1000 GB;2274.0
Core i7;8705G;8 GB;DDR4;Radeon RX Vega 870;SSD;512 GB;-;-;2275.9
Core i7;9750H;16 GB;DDR4;GeForce RTX 2060;SSD;512 GB;-;-;2279.0
Core i7;7660U;16 GB;-;Iris Plus Graphics 640;SSD;512 GB;-;-;2290.0
Core i7;8550U;16 GB;DDR4;GeForce MX150;SSD;512 GB;-;-;2291.0
Core i7;8750H;16 GB;DDR4;GeForce RTX 2060;SSD;512 GB;-;-;2297.0
Core i7;8565U;8 GB;DDR4;UHD Graphics 620;SSD;512 GB;SSD;512 GB;2299.0
Core i7;8750H;16 GB;DDR4;GeForce RTX 2070;SSD;512 GB;HDD;1000 GB;2299.0
Core i7;8850H;8 GB;DDR4;Quadro P1000;SSD;256 GB;HDD;1000 GB;2299.0
Core i7;8650U;8 GB;DDR4;UHD Graphics 620;SSD;256 GB;-;-;2310.0
Core i7;8550U;16 GB;DDR4;UHD Graphics 630;SSD;256 GB;-;-;2319.0
Core i7;9750H;16 GB;DDR4;GeForce RTX 2070;SSD;512 GB;HDD;1000 GB;2342.0
Core i7;9750H;16 GB;DDR4;GeForce RTX 2060;SSD;1000 GB;-;-;2345.0
Core i7;8750H;16 GB;DDR4;GeForce RTX 2060;SSD;512 GB;-;-;2349.0
Core i7;9750H;16 GB;DDR4;GeForce RTX 2070;SSD;512 GB;-;-;2349.0
Core i7;8850H;16 GB;DDR4;Quadro P2000;SSD;512 GB;HDD;2000 GB;2355.0
Core i7;8565U;16 GB;DDR4;GeForce MX150;SSD;1000 GB;-;-;2359.0
Core i7;7500U;8 GB;DDR4;HD Graphics 620;SSD;512 GB;-;-;2360.15
Core i7;8750H;16 GB;DDR4;GeForce GTX 1050 Ti;SSD;1000 GB;-;-;2369.0
Core i7;9750H;16 GB;DDR4;GeForce RTX 2070;SSD;256 GB;HDD;1000 GB;2369.0
Core i7;8750H;16 GB;DDR4;GeForce RTX 2070;SSD;256 GB;HDD;1000 GB;2370.0
Core i7;9750H;16 GB;DDR4;GeForce RTX 2060;SSD;1000 GB;-;-;2396.6
Core i7;-;16 GB;DDR3;Radeon Pro 555;SSD;256 GB;-;-;2398.9
Core i7;10510U;16 GB;DDR3;GeForce GTX 1650;SSD;1000 GB;-;-;2399.0
Core i5;8565U;16 GB;DDR4;UHD Graphics 620;SSD;1000 GB;-;-;2399.0
Core i7;8750H;16 GB;DDR4;GeForce RTX 2060;SSD;512 GB;Hybrid;1008 GB;2399.0
Core i7;8750H;16 GB;DDR4;GeForce RTX 2070;SSD;512 GB;-;-;2399.0
Core i7;8750H;16 GB;DDR4;Quadro P2000;SSD;256 GB;-;-;2399.0
Core i7;8750H;16 GB;DDR4;Radeon Pro 555X;SSD;256 GB;-;-;2399.01
Core i7;9750H;16 GB;DDR4;GeForce RTX 2070;SSD;512 GB;HDD;1000 GB;2399.9
Core i7;8750H;8 GB;DDR4;GeForce RTX 2060;SSD;256 GB;Hybrid;1008 GB;2402.0
Core i7;8550U;16 GB;DDR3;UHD Graphics 620;SSD;512 GB;-;-;2406.0
Core i7;8850H;16 GB;DDR4;Quadro P2000;SSD;512 GB;-;-;2410.0
Core i7;8750H;16 GB;DDR4;GeForce RTX 2070;SSD;512 GB;-;-;2432.0
Core i7;8565U;16 GB;DDR3;UHD Graphics 620;SSD;512 GB;-;-;2439.0
Core i7;8750H;16 GB;DDR4;GeForce RTX 2070;SSD;256 GB;-;-;2449.0
Core i7;8750H;16 GB;DDR4;GeForce RTX 2070;SSD;256 GB;HDD;1000 GB;2449.0
Core i7;8750H;16 GB;DDR4;GeForce RTX 2060;SSD;256 GB;-;-;2456.0
Core i7;8565U;16 GB;DDR3;UHD Graphics 620;SSD;512 GB;-;-;2470.0
Core i7;9750H;16 GB;DDR4;GeForce RTX 2070;SSD;512 GB;-;-;2470.0
Core i7;8550U;16 GB;DDR3;UHD Graphics 620;SSD;1000 GB;-;-;2481.0
Core i7;8850H;8 GB;DDR4;Quadro P2000;SSD;512 GB;-;-;2493.0
Core i7;10510U;16 GB;DDR3;-;SSD;1000 GB;-;-;2499.0
Core i7;1065G7;16 GB;DDR4;Iris Plus Graphics;SSD;512 GB;-;-;2499.0
Core i7;8750H;16 GB;DDR4;GeForce GTX 1070;SSD;256 GB;-;-;2499.0
Core i7;8550U;16 GB;DDR4;Quadro P500;SSD;512 GB;-;-;2499.0
Core i7;9750H;16 GB;DDR4;GeForce RTX 2060 Max-Q;SSD;256 GB;HDD;1000 GB;2499.0
Core i7;8750H;16 GB;DDR4;GeForce GTX 1070;SSD;512 GB;HDD;1000 GB;2499.26
Core i7;8750H;16 GB;DDR4;GeForce RTX 2060;SSD;512 GB;-;-;2527.0
Core i7;9850H;16 GB;DDR4;Quadro T1000;SSD;512 GB;HDD;2000 GB;2529.2
Core i7;8750H;16 GB;DDR4;GeForce RTX 2070;SSD;512 GB;-;-;2532.0
Core i7;9750H;16 GB;DDR4;GeForce GTX 1650;SSD;1000 GB;-;-;2548.99
Core i7;8565U;16 GB;DDR4;UHD Graphics 620;SSD;512 GB;SSD;512 GB;2549.0
Core i7;1065G7;16 GB;DDR4;Iris Plus Graphics;SSD;512 GB;-;-;2562.0
Core i7;-;16 GB;DDR4;Radeon Pro 555X;SSD;256 GB;-;-;2571.0
Core i7;8705G;16 GB;DDR4;Radeon RX Vega 870;SSD;512 GB;-;-;2578.0
Core i7;8705G;16 GB;DDR4;Radeon RX Vega M GL;SSD;512 GB;-;-;2578.0
Core i7;8565U;16 GB;DDR3;UHD Graphics 620;SSD;512 GB;-;-;2579.0
Core i7;9750H;16 GB;DDR4;GeForce RTX 2070;SSD;1000 GB;-;-;2579.0
Core i7;8750H;16 GB;DDR4;GeForce GTX 1080;SSD;512 GB;-;-;2593.0
Core i7;8750H;16 GB;DDR4;GeForce RTX 2060;SSD;512 GB;Hybrid;1008 GB;2598.0
Core i7;9750H;16 GB;DDR4;GeForce RTX 2070;SSD;512 GB;-;-;2599.0
Core i7;9750H;16 GB;DDR4;GeForce RTX 2070;SSD;8 GB;SSD;8 GB;2599.0
Core i7;9750H;16 GB;DDR4;Quadro T1000;SSD;256 GB;-;-;2599.0
Core i7;8550U;16 GB;DDR4;UHD Graphics 620;SSD;1000 GB;-;-;2599.0
Core i7;8750H;16 GB;DDR4;GeForce GTX 1070;SSD;256 GB;HDD;1000 GB;2625.0
Core i7;8750H;8 GB;DDR4;GeForce RTX 2060;SSD;128 GB;Hybrid;1008 GB;2629.0
Core i7;8550U;16 GB;DDR4;UHD Graphics 620;SSD;1000 GB;-;-;2633.0
Core i7;8850H;16 GB;DDR4;Radeon Pro 560X;SSD;512 GB;-;-;2635.99
Core i7;9750H;16 GB;DDR4;GeForce GTX 1660 Ti;SSD;256 GB;HDD;1000 GB;2638.5
Core i7;8750H;16 GB;DDR4;GeForce RTX 2070;SSD;512 GB;-;-;2649.0
Core i7;8750H;8 GB;DDR4;GeForce RTX 2060;SSD;256 GB;-;-;2669.0
Core i7;9750H;16 GB;DDR4;GeForce RTX 2070;SSD;1000 GB;-;-;2679.0
Core i7;8750H;16 GB;DDR4;GeForce RTX 2070;SSD;256 GB;HDD;1000 GB;2679.0
Core i7;8750H;16 GB;DDR4;GeForce GTX 1060;SSD;512 GB;-;-;2695.0
Core i7;9750H;16 GB;DDR4;GeForce RTX 2080;SSD;256 GB;HDD;1000 GB;2697.0
Core i7;9750H;16 GB;DDR4;GeForce GTX 1650;SSD;1000 GB;-;-;2697.99
Core i7;8650U;16 GB;DDR3;UHD Graphics 620;SSD;1000 GB;-;-;2698.6
Core i7;9750H;16 GB;DDR4;GeForce RTX 2060;SSD;512 GB;-;-;2699.0
Core i7;8750H;8 GB;DDR4;GeForce RTX 2060;SSD;128 GB;Hybrid;1008 GB;2699.0
Core i7;8750H;16 GB;DDR4;GeForce RTX 2080;SSD;256 GB;HDD;1000 GB;2714.0
Core i7;9750H;16 GB;DDR4;GeForce RTX 2070;SSD;1000 GB;-;8 GB;2719.0
Core i7;8750H;16 GB;DDR4;GeForce RTX 2060;SSD;128 GB;Hybrid;1008 GB;2739.0
Core i7;8705G;16 GB;DDR4;Radeon RX Vega 870;SSD;512 GB;-;-;2755.01
Core i7;9750H;16 GB;-;GeForce RTX 2080;SSD;1000 GB;-;-;2759.99
Core i7;8750H;16 GB;DDR4;GeForce RTX 2070;SSD;512 GB;-;-;2769.0
Core i7;8750H;16 GB;DDR4;GeForce RTX 2060;SSD;256 GB;Hybrid;1008 GB;2789.0
Core i7;9750H;16 GB;DDR4;GeForce GTX 1650;SSD;1000 GB;-;-;2799.0
Core i7;9750H;16 GB;DDR4;GeForce RTX 2080;SSD;512 GB;HDD;1000 GB;2800.0
Core i7;8850H;16 GB;DDR4;Quadro P3200;SSD;512 GB;HDD;2000 GB;2815.0
Core i7;8750H;16 GB;DDR4;GeForce RTX 2070;SSD;512 GB;HDD;1000 GB;2831.5
Core i7;8950HK;16 GB;DDR4;Quadro P2000;SSD;256 GB;-;-;2844.0
Core i7;8750H;16 GB;DDR4;GeForce RTX 2060;SSD;256 GB;HDD;1008 GB;2849.0
Core i7;8550U;16 GB;DDR3;UHD Graphics 620;SSD;1000 GB;-;-;2882.0
Core i7;9850H;16 GB;DDR4;Quadro T1000;SSD;512 GB;-;-;2889.0
Core i7;8700;8 GB;DDR4;GeForce RTX 2070;SSD;128 GB;Hybrid;1008 GB;2899.0
Core i7;8565U;16 GB;DDR4;GeForce MX250;SSD;512 GB;-;-;2899.0
Core i7;8750H;16 GB;DDR4;GeForce GTX 1050 Ti;SSD;512 GB;-;-;2949.0
Core i7;9750H;16 GB;DDR4;GeForce RTX 2070;SSD;1000 GB;-;-;2949.0
Core i7;9750H;16 GB;DDR4;GeForce RTX 2080;SSD;512 GB;HDD;1000 GB;2954.99
Core i7;8705G;16 GB;DDR4;Radeon RX Vega 870;SSD;512 GB;-;-;2985.78
Core i7;-;16 GB;DDR3;Radeon Pro 560;SSD;512 GB;-;-;2990.0
Core i7;9750H;16 GB;DDR4;GeForce RTX 2070;SSD;512 GB;-;-;2997.0
Core i7;8700;16 GB;DDR4;GeForce RTX 2070;SSD;256 GB;Hybrid;1008 GB;3050.0
Core i7;8750H;16 GB;DDR4;GeForce RTX 2070;SSD;512 GB;Hybrid;1008 GB;3099.0
Core i7;8750H;16 GB;DDR4;GeForce RTX 2080;SSD;512 GB;HDD;1000 GB;3099.31
Core i7;9750H;16 GB;DDR4;GeForce GTX 1650;SSD;512 GB;-;-;3159.0
Core i7;7700HQ;8 GB;DDR4;Quadro M2200;SSD;256 GB;-;-;3177.28
Core i7;9750H;16 GB;DDR4;GeForce RTX 2060;SSD;512 GB;-;-;3179.0
Core i7;7700HQ;16 GB;DDR4;GeForce GTX 1070;SSD;256 GB;HDD;1000 GB;3190.2
Core i7;9750H;16 GB;DDR4;GeForce RTX 2080;SSD;512 GB;-;-;3219.0
Core i7;8700;16 GB;DDR4;GeForce RTX 2070;SSD;512 GB;-;-;3247.99
