CPU Name,Price(USD),CPU Mark,CPU Value,Thread Mark,Thread Value,TDP (W),Power Perf.,Socket,Category
AMD A10-5700 APU,64.5,4214,65.35,1358,21.06,65,64,FM2,Desktop
AMD A10-5800K APU,149.99,4648,30.99,1458,9.72,100,46,FM2,Desktop
AMD A10-6700 APU,116.99,4605,39.37,1519,12.99,65,70,FM2,Desktop
AMD A10-6700T APU,147.61,3693,25.02,1200,8.13,45,82,FM2,Desktop
AMD A10-6790K APU,94.99,4714,49.64,1480,15.59,100,47,FM2,Desktop
AMD A10-6800K APU,87.76,4861,55.39,1531,17.45,100,48,FM2,Desktop
AMD A10-7700K APU,125.47,5119,40.8,1503,11.99,95,53,FM2+,Desktop
AMD A10-7800 APU,103.39,4974,48.11,1537,14.87,65,76,FM2+,Desktop
AMD A10-7850K APU,167.33,5468,32.68,1575,9.42,95,57,FM2+,Desktop
AMD A10-7860K,175.0,5047,28.84,1571,8.98,65,77,FM2+,Desktop
AMD A10-7890K,199.99,5706,28.53,1716,8.58,95,60,FM2+,Desktop
AMD A10-9700,83.9,5385,64.18,1728,20.6,65,82,AM4,Desktop
AMD A10-9700E,109.9,4747,43.17,1534,13.95,35,135,AM4,Desktop
AMD A12-9800,148.24,5579,37.64,1861,12.56,65,85,AM4,Desktop
AMD A12-9800E,131.38,5087,38.72,1623,12.36,35,145,AM4,Desktop
AMD A4-3300 APU,12.9,1503,115.75,836,64.4,65,23,FM1,Desktop
AMD A4-3300M APU,29.99,1188,39.62,629,21.0,65,18,FM1,Laptop
AMD A4-3305M APU,30.8,1227,39.85,681,22.13,35,35,FS1,Laptop
AMD A4-3320M APU,35.9,1253,34.93,654,18.23,35,35,FS1,Laptop
AMD A4-4300M APU,39.8,1613,40.48,981,24.61,35,46,FS1,Laptop
AMD A4-5300B APU,38.0,2149,56.56,1289,33.92,65,33,FM2,Desktop
AMD A4-6300 APU,59.99,2225,37.09,1356,22.61,65,34,FM2,Desktop
AMD A4-6320 APU,69.99,2329,33.29,1425,20.37,65,35,FM2,Desktop
AMD A6-3400M APU,29.97,1888,63.01,539,17.99,35,53,FS1,Laptop
AMD A6-3410MX APU,3.99,2059,516.08,593,148.64,45,45,FS1,Laptop
AMD A6-3500 APU,39.99,2029,50.76,753,18.84,65,31,FM1,Desktop
AMD A6-3600 APU,22.99,2707,117.76,757,32.95,65,41,FM1,Desktop
AMD A6-3620 APU,59.99,2793,46.57,788,13.14,65,42,FM1,Desktop
AMD A6-3650 APU,31.99,3148,98.41,901,28.18,100,31,FM1,Desktop
AMD A6-4400M APU,7.99,1642,205.54,991,124.07,35,46,FS1r2,Laptop
AMD A6-5350M APU,43.1,1906,44.2,1143,26.52,35,54,FS1r2,Laptop
AMD A6-5400K APU,62.0,2161,34.85,1310,21.13,65,33,FM2,Desktop
AMD A6-6400K APU,82.1,2313,28.15,1405,17.1,65,35,FM2,Desktop
AMD A6-7400K APU,67.4,2783,41.25,1581,23.44,65,42,FM2+,Desktop
AMD A6-7480,43.99,3135,71.28,1793,40.77,65,48,FM2+,Desktop
AMD A6-9500,51.4,3054,59.32,1781,34.61,65,46,AM4,Desktop
AMD A6-9500E,72.5,2889,39.85,1631,22.5,35,82,AM4,Desktop
AMD A8-3500M APU,69.9,1980,28.32,560,8.01,35,56,FS1,Laptop
AMD A8-3800 APU,56.99,3011,52.84,854,14.99,65,46,FM1,Desktop
AMD A8-3850 APU,105.68,3458,32.72,994,9.41,100,34,FM1,Desktop
AMD A8-5500 APU,56.5,3998,70.77,1268,22.46,65,61,FM2,Desktop
AMD A8-6500 APU,94.99,4393,46.26,1440,15.17,65,67,FM2,Desktop
AMD A8-6600K APU,96.99,4591,47.34,1461,15.06,100,45,FM2,Desktop
AMD A8-7600 APU,146.94,5063,34.46,1543,10.5,65,77,FM2+,Desktop
AMD A8-7650K,114.9,4929,42.87,1468,12.77,65,75,FM2+,Desktop
AMD A8-7670K,161.1,5083,31.56,1538,9.55,95,53,FM2+,Desktop
AMD A8-7680,59.99,5322,88.73,1700,28.34,45,118,FM2+,Laptop
AMD A8-9600,70.4,4968,70.51,1573,22.33,65,76,AM4,Desktop
AMD Athlon 200GE,66.5,4951,74.39,1636,24.59,35,141,AM4,Desktop
AMD Athlon 220GE,69.8,5237,75.0,1756,25.16,35,149,AM4,Laptop
AMD Athlon 240GE,62.6,5478,87.39,1842,29.39,35,156,AM4,Desktop
AMD Athlon 5200 Dual-Core,29.99,1266,42.23,756,25.21,75,16,AM2,Desktop
AMD Athlon 5370 APU,63.7,2914,45.76,873,13.72,25,116,"AM1,FS1B",Desktop
AMD Athlon 64 X2 Dual Core 5400+,52.99,1450,27.37,846,15.97,65,22,AM2,Desktop
AMD Athlon 64 X2 Dual Core 5800+,24.99,1516,60.68,884,35.4,89,17,nan,Desktop
AMD Athlon 64 X2 Dual Core 6000+,45.9,1603,34.89,899,19.57,89,18,AM2,Desktop
AMD Athlon 64 X2 Dual Core TK-53,29.97,839,28.02,480,16.03,31,27,nan,Unknown
AMD Athlon Dual Core 4450B,31.0,1168,37.69,689,22.25,45,25,AM2+,Desktop
AMD Athlon Dual Core 4850e,39.0,1315,33.73,753,19.32,45,29,AM2,Desktop
AMD Athlon II Dual-Core M320,30.0,1141,38.05,673,22.44,35,32,nan,Unknown
AMD Athlon II Neo K325 Dual-Core,25.99,775,29.84,430,16.57,12,64,nan,Laptop
AMD Athlon II P320 Dual-Core,29.95,1217,40.64,679,22.67,25,48,nan,Unknown
AMD Athlon II P340 Dual-Core,44.95,1250,27.82,706,15.73,25,50,S1g4,Unknown
AMD Athlon II P360 Dual-Core,24.0,1319,55.0,753,31.41,25,52,S1g4,Unknown
AMD Athlon II X2 215,11.99,1566,130.68,905,75.56,65,24,AM3,Desktop
AMD Athlon II X2 220,32.1,1634,50.77,933,29.01,65,25,AM3,Desktop
AMD Athlon II X2 240,34.9,1643,47.01,939,26.88,65,25,AM3,Desktop
AMD Athlon II X2 240e,34.95,1700,48.64,957,27.39,45,37,AM3,Desktop
AMD Athlon II X2 245,34.95,1662,47.55,953,27.27,65,25,AM2+/AM3,Desktop
AMD Athlon II X2 250,38.9,1741,44.71,1005,25.81,65,26,AM3,Desktop
AMD Athlon II X2 250e,76.73,1939,25.28,1056,13.77,45,43,AM3,Desktop
AMD Athlon II X2 250u,34.95,1004,28.74,553,15.85,25,40,AM3,Desktop
AMD Athlon II X2 255,65.22,1841,28.24,1045,16.03,65,28,AM3,Desktop
AMD Athlon II X2 260,19.99,1876,93.87,1074,53.76,65,28,AM3,Desktop
AMD Athlon II X2 270,23.99,1975,82.35,1152,48.02,65,30,AM3,Desktop
AMD Athlon II X2 B22,41.69,1714,41.13,968,23.22,65,26,AM3,Desktop
AMD Athlon II X2 B24,39.9,1780,44.57,1022,25.59,65,27,AM3,Desktop
AMD Athlon II X2 B26,44.9,1906,42.42,1102,24.53,65,29,nan,Unknown
AMD Athlon II X2 B28,49.05,2085,42.52,1170,23.87,65,32,AM3,Desktop
AMD Athlon II X3 415e,75.0,2247,29.97,853,11.39,45,49,AM3,Desktop
AMD Athlon II X3 425,26.99,2314,85.74,923,34.2,95,24,AM3,Desktop
AMD Athlon II X3 435,29.99,2470,82.38,1003,33.45,95,26,AM3,Desktop
AMD Athlon II X3 440,26.99,2567,95.12,1016,37.65,95,27,AM3,Desktop
AMD Athlon II X3 445,91.0,2574,28.29,1049,11.53,95,27,AM3,Desktop
AMD Athlon II X3 450,38.0,2620,68.95,1059,27.88,95,27,AM3,Desktop
AMD Athlon II X3 455,38.99,2765,70.92,1130,29.0,95,29,AM3,Desktop
AMD Athlon II X3 460,38.99,2864,73.46,1169,29.98,95,30,AM3,Desktop
AMD Athlon II X4 605e,101.8,2716,26.69,812,7.99,45,60,AM3,Desktop
AMD Athlon II X4 610e,69.99,2793,39.92,833,11.91,45,62,AM3,Desktop
AMD Athlon II X4 615e,59.0,2899,49.15,867,14.71,45,64,AM3,Desktop
AMD Athlon II X4 620,59.9,2928,48.86,905,15.1,95,30,AM3,Desktop
AMD Athlon II X4 630,62.9,3131,49.75,956,15.2,95,32,AM3,Desktop
AMD Athlon II X4 631 Quad-Core,80.0,3149,39.36,903,11.3,100,31,FM1,Desktop
AMD Athlon II X4 635,69.95,3234,46.23,988,14.14,95,34,AM3,Desktop
AMD Athlon II X4 638 Quad-Core,26.49,3198,120.73,923,34.87,65,49,FM1,Desktop
AMD Athlon II X4 640,79.9,3314,41.46,1025,12.82,95,34,AM3,Desktop
AMD Athlon II X4 641 Quad-Core,91.5,3343,36.54,974,10.65,100,33,FM1,Desktop
AMD Athlon II X4 645,49.99,3466,69.34,1070,21.42,95,36,AM3,Desktop
AMD Athlon LE-1600,21.0,557,26.57,631,30.06,45,12,AM2,Desktop
AMD Athlon LE-1620,18.0,578,32.12,678,37.7,45,12,AM2,Desktop
AMD Athlon X2 280,33.49,2303,68.77,1102,32.92,65,35,AM3,Unknown
AMD Athlon X2 340 Dual Core,49.99,1932,38.66,1271,25.43,65,29,nan,Unknown
AMD Athlon X3 435,95.49,2574,26.96,989,10.36,95,27,nan,Unknown
AMD Athlon X4 620,59.9,2861,47.74,889,14.84,95,30,nan,Unknown
AMD Athlon X4 750K Quad Core,76.99,4273,55.5,1370,17.8,100,42,FM2,Unknown
AMD Athlon X4 760K Quad Core,41.98,4597,109.51,1444,34.42,100,45,FM2,Desktop
AMD Athlon X4 840,78.74,5070,64.39,1557,19.78,65,78,FM2+,Desktop
AMD Athlon X4 845,53.13,5408,101.8,1753,33.0,65,83,FM2+,Desktop
AMD Athlon X4 860K,134.95,5410,40.09,1600,11.86,95,56,FM2+,Desktop
AMD Athlon X4 870K,79.99,5320,66.52,1591,19.89,95,56,FM2+,Desktop
AMD Athlon X4 880K,99.99,5590,55.91,1660,16.61,95,58,FM2+,Desktop
AMD Athlon X4 950,69.4,5220,75.21,1696,24.44,65,80,AM4,Desktop
AMD E2-3000M APU,20.0,1093,54.65,600,30.04,35,31,FS1,Laptop
AMD E2-3200 APU,7.99,1380,172.79,778,97.49,65,21,FM1,Desktop
AMD EPYC 3251,315.0,11690,37.11,1439,4.57,50,233,SP4r2,Server
AMD EPYC 7251,454.1,11811,26.01,1309,2.88,120,98,SP3,Server
AMD FX-4100 Quad-Core,153.45,4076,26.56,1221,7.96,95,42,AM3+,Desktop
AMD FX-4130 Quad-Core,75.99,4162,54.78,1248,16.43,125,33,AM3+,Desktop
AMD FX-4170 Quad-Core,99.99,4868,48.69,1403,14.03,125,38,AM3+,Desktop
AMD FX-4300 Quad-Core,156.9,4694,29.91,1409,8.98,95,49,AM3+,Desktop
AMD FX-6300 Six-Core,183.4,6407,34.93,1407,7.67,95,67,AM3+,Desktop
AMD FX-6350 Six-Core,89.9,7022,78.03,1484,16.5,125,56,AM3+,Desktop
AMD FX-8100 Eight-Core,142.0,5964,42.0,1094,7.7,95,62,AM3+,Desktop
AMD FX-8120 Eight-Core,222.73,6640,29.81,1219,5.48,125,53,AM3+,Desktop
AMD FX-8150 Eight-Core,118.9,7656,64.37,1339,11.26,125,61,AM3+,Desktop
AMD FX-8300 Eight-Core,119.99,7769,64.75,1403,11.7,95,81,AM3+,Desktop
AMD FX-8320 Eight-Core,138.0,8037,58.24,1396,10.12,125,64,AM3+,Desktop
AMD FX-8320E Eight-Core,239.2,7575,31.66,1365,5.71,95,79,AM3+,Desktop
AMD FX-8350 Eight-Core,198.0,8956,45.24,1510,7.63,125,71,AM3+,Desktop
AMD FX-8370 Eight-Core,220.0,9046,41.12,1537,6.99,125,72,AM3+,Desktop
AMD FX-9370 Eight-Core,179.9,9460,52.56,1610,8.95,220,43,AM3+,Desktop
AMD FX-9590 Eight-Core,199.9,10191,50.97,1724,8.63,220,46,AM3+,Desktop
AMD Opteron 1356,89.99,2765,30.73,840,9.34,75,36,AM2,Server
AMD Opteron 2212,20.0,1270,63.53,0,0.0,95,13,F (1207),Server
AMD Opteron 2214,29.0,1358,46.85,0,0.0,95,14,F (1207),Server
AMD Opteron 2216,25.8,1518,58.84,0,0.0,95,15,F (1207),Server
AMD Opteron 2220 SE,25.0,1398,55.92,798,31.92,119,11,F (1207),Server
AMD Opteron 2350,79.95,2820,35.28,0,0.0,75,37,F (1207),Server
AMD Opteron 2356,52.0,2814,54.12,777,14.96,75,37,F (1207),Server
AMD Opteron 2374 HE,65.0,2951,45.4,0,0.0,55,53,F (1207),Server
AMD Opteron 2380,45.0,2640,58.69,0,0.0,75,35,F (1207),Server
AMD Opteron 2427,65.0,3069,47.22,593,9.13,75,40,F (1207),Server
AMD Opteron 2431,40.0,4516,112.91,877,21.93,75,60,F (1207),Server
AMD Opteron 2435,65.0,4708,72.44,912,14.04,75,62,F (1207),Server
AMD Opteron 246,19.99,632,31.62,0,0.0,89,7,940,Server
AMD Opteron 250,11.0,649,59.01,0,0.0,0,7,940,Server
AMD Opteron 256,19.0,963,50.72,0,0.0,0,10,940,Server
AMD Opteron 3250 HE,99.0,2942,29.73,947,9.57,45,65,AM3+,Server
AMD Opteron 4170 HE,59.0,3664,62.11,731,12.41,65,56,C32,Server
AMD Opteron 4280,50.0,6430,128.6,1078,21.57,95,67,Socket C32,Server
AMD Opteron 4284,59.99,6660,111.03,1116,18.6,95,70,Socket C32,Server
AMD Opteron 4334,216.42,6099,28.18,1208,5.58,95,64,Socket C32,Server
AMD Opteron 4386,139.99,6761,48.3,964,6.89,95,71,C32,Server
AMD Opteron 6128,19.9,4505,225.37,690,34.55,115,39,G34,Server
AMD Opteron 6134,43.99,2938,66.81,0,0.0,115,25,G34,Server
AMD Opteron 6136,110.0,4631,42.1,533,4.85,115,40,Socket G34,Server
AMD Opteron 6172,198.0,5261,26.57,711,3.59,115,45,G34,Server
AMD Opteron 6174,65.0,6171,94.94,780,12.01,115,53,Socket G34,Server
AMD Opteron 6176 SE,159.0,5465,34.37,737,4.64,140,39,G34,Server
AMD Opteron 6212,29.99,5776,192.62,932,31.1,115,50,Socket G34,Server
AMD Opteron 6220,59.99,6785,113.11,1136,18.94,115,59,Socket G34,Server
AMD Opteron 6234,29.95,5938,198.27,696,23.25,115,51,G34,Server
AMD Opteron 6272,79.9,6748,84.41,695,8.7,115,58,G34,Server
AMD Opteron 6274,44.9,4865,108.15,842,18.73,115,42,G34,Server
AMD Opteron 6276,169.0,8889,52.6,1029,6.09,115,77,Socket G34,Server
AMD Opteron 6366 HE,29.99,7503,250.19,754,25.17,85,88,nan,Server
AMD Opteron 6376,65.0,9212,141.72,1101,16.94,115,80,Socket G34,Server
AMD Opteron 6378,190.0,9094,47.87,1073,5.65,115,79,G34,Server
AMD Opteron 6380,59.0,10081,170.88,1141,19.35,115,87,G34,Server
AMD Opteron 6386 SE,144.9,10912,75.26,1200,8.28,140,77,Socket G34,Server
AMD Opteron 8354,24.0,2255,93.98,0,0.0,75,30,F (1207),Server
AMD Opteron 8439 SE,60.0,3813,63.56,907,15.13,105,36,F (1207),Server
AMD Phenom 8250e Triple-Core,46.99,1635,34.81,631,13.44,65,25,940,Desktop
AMD Phenom 8450 Triple-Core,29.95,1888,63.07,721,24.08,95,19,AM2+,Desktop
AMD Phenom 8600 Triple-Core,52.99,1673,31.57,772,14.58,95,17,AM2+,Desktop
AMD Phenom 8600B Triple-Core,52.99,1924,36.33,763,14.4,95,20,AM2+,Desktop
AMD Phenom 8650 Triple-Core,49.99,1986,39.73,785,15.72,95,20,AM2+,Desktop
AMD Phenom 9100e Quad-Core,39.95,1833,45.89,624,15.64,65,28,AM2+,Desktop
AMD Phenom 9150e Quad-Core,39.95,2114,52.92,620,15.54,65,32,AM2+,Desktop
AMD Phenom 9500 Quad-Core,28.99,2203,76.01,756,26.1,95,23,AM2+,Desktop
AMD Phenom 9550 Quad-Core,28.99,2544,87.77,760,26.24,95,26,AM2+,Desktop
AMD Phenom 9600 Quad-Core,49.95,2303,46.11,790,15.82,95,24,AM2+,Desktop
AMD Phenom 9650 Quad-Core,44.95,2635,58.63,790,17.59,95,27,AM2+,Desktop
AMD Phenom 9750 Quad-Core,29.49,2810,95.32,833,28.28,125,22,AM2+,Desktop
AMD Phenom II N620 Dual-Core,3.99,1684,422.27,915,229.42,35,48,S1,Laptop
AMD Phenom II N640 Dual-Core,64.95,1721,26.51,909,14.0,35,49,S1,Laptop
AMD Phenom II N850 Triple-Core,25.0,1937,77.51,729,29.18,35,55,S1,Laptop
AMD Phenom II P650 Dual-Core,35.0,1579,45.12,859,24.55,35,45,S1,Laptop
AMD Phenom II P960 Quad-Core,28.0,2086,74.51,608,21.72,35,59,S1,Laptop
AMD Phenom II X2 545,43.98,1918,43.62,1026,23.34,80,23,AM2+/AM3,Desktop
AMD Phenom II X2 550,49.99,2022,40.46,1065,21.32,80,25,AM2+/AM3,Desktop
AMD Phenom II X2 555,27.98,2042,72.99,1069,38.22,80,25,AM2+/AM3,Desktop
AMD Phenom II X2 560,64.99,2062,31.73,1097,16.89,80,25,AM2+/AM3,Unknown
AMD Phenom II X2 B55,48.0,1921,40.02,1032,21.52,80,24,AM3,Desktop
AMD Phenom II X2 B59,44.04,2124,48.25,1136,25.8,80,26,AM2+/AM3,Unknown
AMD Phenom II X3 710,84.53,2448,28.97,907,10.74,95,25,AM3,Desktop
AMD Phenom II X3 715,84.99,2649,31.17,0,0.0,95,27,AM2+,Desktop
AMD Phenom II X3 720,69.99,2666,38.1,967,13.82,95,28,AM3,Desktop
AMD Phenom II X3 740,88.99,2985,33.55,1075,12.09,95,31,nan,Unknown
AMD Phenom II X3 B73,75.0,2735,36.47,976,13.02,95,28,AM3,Desktop
AMD Phenom II X3 B75,39.99,2897,72.45,1057,26.44,95,30,AM3,Desktop
AMD Phenom II X3 B77,22.29,3067,137.64,1126,50.53,95,32,AM2+/AM3,Unknown
AMD Phenom II X4 810,115.99,3121,26.91,905,7.8,95,32,AM3,Desktop
AMD Phenom II X4 820,74.95,3393,45.28,977,13.04,95,35,AM3,Desktop
AMD Phenom II X4 830,79.95,3434,42.95,949,11.87,95,36,AM2+/AM3,Unknown
AMD Phenom II X4 840,89.95,3509,39.01,1099,12.22,95,36,AM2+/AM3,Desktop
AMD Phenom II X4 840T,69.99,3597,51.41,1038,14.84,95,37,AM2+/AM3,Unknown
AMD Phenom II X4 850,64.99,3550,54.64,1117,17.19,95,37,AM2+/AM3,Unknown
AMD Phenom II X4 905e,53.99,3080,57.06,876,16.23,65,47,AM3,Desktop
AMD Phenom II X4 910,100.0,3247,32.48,906,9.07,95,34,AM3,Desktop
AMD Phenom II X4 920,79.99,3389,42.37,964,12.05,125,27,AM2+,Desktop
AMD Phenom II X4 925,43.99,3411,77.56,970,22.06,95,35,AM3,Desktop
AMD Phenom II X4 940,59.34,3591,60.52,1024,17.26,125,28,AM2+,Desktop
AMD Phenom II X4 945,64.9,3652,56.24,1036,15.96,125,29,AM3,Desktop
AMD Phenom II X4 955,130.16,3917,30.1,1107,8.51,125,31,AM3,Desktop
AMD Phenom II X4 970,148.11,4316,29.14,1227,8.29,125,34,AM3,Unknown
AMD Phenom II X4 975,139.69,4453,31.88,1250,8.95,125,35,AM3,Unknown
AMD Phenom II X4 B95,72.95,3677,50.4,1045,14.34,95,38,AM3,Desktop
AMD Phenom II X4 B97,56.99,3868,67.87,1104,19.39,95,40,AM2+/AM3,Desktop
AMD Phenom II X6 1045T,108.01,4800,44.45,1069,9.91,95,50,AM3,Desktop
AMD Phenom II X6 1055T,109.03,4966,45.55,1110,10.18,125,39,AM3,Desktop
AMD Phenom II X6 1075T,112.99,5326,47.15,1191,10.54,125,42,AM3,Desktop
AMD Phenom II X6 1090T,154.0,5561,36.11,1217,7.9,125,44,AM3,Desktop
AMD Phenom II X6 1100T,177.49,5708,32.16,1250,7.05,125,45,AM3,Desktop
AMD PRO A10-9700,169.0,5599,33.13,1740,10.3,65,86,AM4,Desktop
AMD PRO A10-9700E,139.0,5066,36.45,1638,11.79,35,144,AM4,Desktop
AMD PRO A12-9800,169.0,6132,36.29,1909,11.3,65,94,AM4,Desktop
AMD PRO A12-9800E,169.0,4769,28.22,1614,9.55,35,136,AM4,Desktop
AMD PRO A6-9500,74.0,2950,39.88,1770,23.93,65,45,AM4,Desktop
AMD PRO A6-9500E,74.0,2717,36.73,1589,21.48,35,77,AM4,Desktop
AMD PRO A8-9600,119.0,5277,44.35,1604,13.48,65,81,AM4,Desktop
AMD Ryzen 3 1200,59.9,6797,113.31,1720,28.67,65,104,AM4,Desktop
AMD Ryzen 3 1300X,127.8,7552,59.07,1889,14.78,65,116,AM4,Desktop
AMD Ryzen 3 2200G,78.3,7330,93.59,1843,23.53,65,112,AM4,Desktop
AMD Ryzen 3 3200G,93.9,7983,84.94,2047,21.78,65,122,AM4,Desktop
AMD Ryzen 5 1400,135.6,8358,61.64,1711,12.62,65,128,AM4,Desktop
AMD Ryzen 5 1500X,131.9,10110,76.61,1864,14.12,65,155,AM4,Desktop
AMD Ryzen 5 1600,99.0,12282,123.95,1818,18.35,65,188,AM4,Desktop
AMD Ryzen 5 1600X,146.9,13200,89.8,1963,13.35,95,138,AM4,Desktop
AMD Ryzen 5 2400G,119.0,9320,78.32,1946,16.36,65,143,AM4,Desktop
AMD Ryzen 5 2600,117.6,13517,114.86,2005,17.04,65,207,AM4,Desktop
AMD Ryzen 5 2600X,149.6,14361,95.94,2141,14.3,95,151,AM4,Desktop
AMD Ryzen 5 3400G,143.9,9975,69.28,2085,14.48,65,153,AM4,Desktop
AMD Ryzen 5 3600,194.8,19914,102.19,2812,14.43,65,306,AM4,Desktop
AMD Ryzen 5 3600X,244.2,20497,83.92,2915,11.93,95,215,AM4,Desktop
AMD Ryzen 7 1700,129.9,13930,107.17,1781,13.7,65,214,AM4,Desktop
AMD Ryzen 7 1700X,171.0,14811,86.62,1886,11.03,95,155,AM4,Desktop
AMD Ryzen 7 1800X,289.9,15536,53.58,1970,6.79,95,163,AM4,Desktop
AMD Ryzen 7 2700,169.9,15090,88.77,1987,11.69,65,232,AM4,Desktop
AMD Ryzen 7 2700X,189.5,16969,89.5,2184,11.52,105,161,AM4,Desktop
AMD Ryzen 7 3700X,327.9,23864,72.76,2909,8.87,65,367,AM4,Desktop
AMD Ryzen 7 3800X,369.9,24574,66.42,2981,8.06,105,234,AM4,Desktop
AMD Ryzen 9 3900X,529.0,31869,60.24,2923,5.53,105,303,AM4,Desktop
AMD Ryzen Threadripper 1900X,159.9,16089,100.56,2063,12.9,180,89,sTR4,Desktop
AMD Ryzen Threadripper 1920X,209.9,20012,95.3,2024,9.64,180,111,sTR4,Desktop
AMD Ryzen Threadripper 1950X,489.99,21935,44.77,1987,4.06,180,121,sTR4,Desktop
AMD Ryzen Threadripper 2920X,349.9,22126,63.22,2211,6.32,180,122,sTR4,Desktop
AMD Ryzen Threadripper 2950X,679.9,25387,37.33,2209,3.25,180,141,sTR4,Desktop
AMD Sempron 130,24.99,700,28.03,751,30.07,45,15,AM2+/AM3,Unknown
AMD Sempron 240,58.0,2110,36.39,1226,21.15,65,32,FM2,Desktop
AMD Sempron 3600+,12.0,483,40.3,560,46.72,62,7,AM2,Desktop
AMD Sempron LE-1300,21.0,595,28.37,615,29.31,45,13,AM2,Desktop
AMD Sempron M100,12.0,566,47.17,615,51.28,0,0,nan,Unknown
AMD Sempron SI-40,12.0,447,37.27,537,44.79,25,17,S1,Laptop
AMD Turion 64 X2 Mobile TL-56,13.95,891,63.89,536,38.45,31,28,S1,Laptop
AMD Turion 64 X2 Mobile TL-60,15.95,997,62.53,590,37.0,31,32,S1,Laptop
AMD Turion 64 X2 Mobile TL-64,39.39,1090,27.69,641,16.29,35,31,S1,Laptop
AMD Turion Dual-Core RM-70,25.0,912,36.49,551,22.05,31,29,S1,Laptop
AMD Turion Dual-Core RM-75,27.46,1003,36.53,519,18.91,35,28,S1,Laptop
AMD Turion II N530 Dual-Core,30.0,1567,52.24,858,28.6,35,44,S1,Laptop
AMD Turion II P540 Dual-Core,49.95,1432,28.67,769,15.4,35,40,S1,Laptop
AMD Turion II Ultra Dual-Core Mobile M600,26.76,1406,52.55,792,29.62,35,40,S1,Laptop
AMD Turion X2 Dual-Core Mobile RM-74,24.47,1059,43.31,580,23.72,35,30,S1,Laptop
AMD Turion X2 Ultra Dual-Core Mobile ZM-84,18.99,1209,63.72,636,33.53,35,34,S1,Laptop
AMD Turion X2 Ultra Dual-Core Mobile ZM-85,45.0,1234,27.43,665,14.79,35,35,S1,Laptop
AMD Turion X2 Ultra Dual-Core Mobile ZM-87,39.95,1205,30.18,665,16.66,35,34,S1,Laptop
Celeron Dual-Core T3100 @ 1.90GHz,42.0,1172,27.91,765,18.23,35,33,BGA479,Laptop
Intel Atom C3538 @ 2.10GHz,75.0,2455,32.73,831,11.09,15,163,FCBGA1310,Server
Intel Atom C3558 @ 2.20GHz,86.0,2538,29.52,875,10.19,16,158,FCBGA1310,Server
Intel Atom x5-Z8350 @ 1.44GHz,21.0,1273,60.66,417,19.86,4,318,UTFCBGA592,Laptop
Intel Atom x5-Z8500 @ 1.44GHz,62.57,1696,27.11,505,8.08,4,424,UTFCBGA1380,Laptop
Intel Atom x7-Z8700 @ 1.60GHz,73.63,1890,25.68,550,7.47,4,472,BGA1380,Laptop
Intel Atom Z3745 @ 1.33GHz,30.0,1079,35.98,388,12.94,4,269,UTFCBGA1380,Laptop
Intel Atom Z3775 @ 1.46GHz,35.0,1275,36.44,489,13.99,4,318,UTFCBGA1380,Laptop
Intel Celeron 867 @ 1.30GHz,29.99,1173,39.12,655,21.85,17,69,BGA1023,Laptop
Intel Celeron B820 @ 1.70GHz,39.29,1429,36.39,825,21.01,35,40,PGA988B,Laptop
Intel Celeron E1500 @ 2.20GHz,19.65,1169,59.51,804,40.92,65,17,LGA775,Desktop
Intel Celeron E3200 @ 2.40GHz,51.99,1382,26.59,969,18.64,65,21,LGA775,Desktop
Intel Celeron E3300 @ 2.50GHz,24.9,1389,55.62,994,39.82,65,21,LGA775,Desktop
Intel Celeron E3500 @ 2.70GHz,39.99,1454,36.37,1056,26.42,65,22,LGA775,Desktop
Intel Celeron G1101 @ 2.27GHz,19.77,1667,84.34,910,46.04,73,22,FCLGA1156,Desktop
Intel Celeron G1610 @ 2.60GHz,47.0,2488,52.95,1397,29.73,55,45,FCLGA1155,Desktop
Intel Celeron G1610T @ 2.30GHz,40.04,2256,56.35,1196,29.88,35,64,LGA1155,Desktop
Intel Celeron G1620 @ 2.70GHz,64.9,2576,39.64,1444,22.23,55,46,FCLGA1155,Desktop
Intel Celeron G1620T @ 2.40GHz,42.0,2353,56.03,1295,30.84,35,67,LGA1155,Desktop
Intel Celeron G1630 @ 2.80GHz,69.9,2493,35.63,1482,21.18,55,45,FCLGA1155,Desktop
Intel Celeron G1820 @ 2.70GHz,59.9,2754,45.92,1577,26.29,53,51,FCLGA1150,Desktop
Intel Celeron G1820T @ 2.40GHz,42.0,2495,59.42,1392,33.15,35,71,LGA1150,Desktop
Intel Celeron G1830 @ 2.80GHz,94.95,2559,26.95,1571,16.55,53,48,LGA1150,Desktop
Intel Celeron G1840 @ 2.80GHz,64.7,2860,44.21,1634,25.26,53,53,FCLGA1150,Desktop
Intel Celeron G1850 @ 2.90GHz,79.99,2909,36.38,1680,21.01,54,53,FCLGA1150,Desktop
Intel Celeron G3900 @ 2.80GHz,54.9,3133,56.99,1682,30.6,51,61,FCLGA1151,Desktop
Intel Celeron G3900T @ 2.60GHz,112.46,2925,26.01,1518,13.51,35,83,nan,Desktop
Intel Celeron G3900TE @ 2.30GHz,42.0,2591,61.71,1351,32.17,35,74,FCLGA1151,Laptop
Intel Celeron G3920 @ 2.90GHz,113.99,3123,27.4,1605,14.08,51,61,FCLGA1151,Desktop
Intel Celeron G3930 @ 2.90GHz,89.5,3037,33.9,1654,18.47,51,59,FCLGA1151,Desktop
Intel Celeron G3930T @ 2.70GHz,69.8,2766,39.58,1580,22.61,35,79,FCLGA1151,Desktop
Intel Celeron G3930TE @ 2.70GHz,42.0,2970,70.72,1548,36.86,35,84,FCLGA1151,Desktop
Intel Celeron G3950 @ 3.00GHz,109.0,3049,27.97,1610,14.77,51,59,FCLGA1151,Desktop
Intel Celeron G4900 @ 3.10GHz,44.6,3288,73.6,1793,40.12,54,60,FCLGA1151,Desktop
Intel Celeron G4920 @ 3.20GHz,76.5,3220,42.1,1811,23.67,54,59,FCLGA1151,Desktop
Intel Celeron G4930 @ 3.20GHz,48.7,3503,71.87,1874,38.45,54,64,FCLGA1151,Desktop
Intel Celeron G530 @ 2.40GHz,39.99,2128,53.22,1234,30.88,65,32,LGA1155,Desktop
Intel Celeron G540 @ 2.50GHz,45.0,2197,48.83,1287,28.61,65,33,LGA1155,Desktop
Intel Celeron G550 @ 2.60GHz,80.0,2290,28.63,1331,16.64,65,35,LGA1155,Desktop
Intel Celeron T1600 @ 1.66GHz,19.99,950,47.54,604,30.26,35,27,nan,Laptop
Intel Celeron T1700 @ 1.83GHz,29.99,1058,35.29,0,0.0,35,30,PPGA478,Laptop
Intel Core 860 @ 2.80GHz,169.0,4555,26.96,1093,6.47,0,0,nan,Unknown
Intel Core Duo T2400 @ 1.83GHz,16.0,794,49.63,571,35.71,31,25,BGA479,Laptop
Intel Core i3-2100 @ 3.10GHz,54.9,3692,67.14,1584,28.81,65,56,LGA1155,Desktop
Intel Core i3-2100T @ 2.50GHz,59.99,2980,49.68,1250,20.85,35,85,LGA1155,Desktop
Intel Core i3-2102 @ 3.10GHz,58.0,3736,64.41,1623,27.99,65,57,FCLGA1155,Desktop
Intel Core i3-2105 @ 3.10GHz,114.99,3712,32.29,1576,13.71,65,57,LGA1155,Desktop
Intel Core i3-2120 @ 3.30GHz,70.0,3931,56.17,1691,24.16,65,60,LGA1155,Desktop
Intel Core i3-2120T @ 2.60GHz,24.9,3155,126.28,1307,52.32,35,90,LGA1155,Desktop
Intel Core i3-2130 @ 3.40GHz,62.9,4073,64.68,1755,27.88,65,62,LGA1155,Desktop
Intel Core i3-2310M @ 2.10GHz,38.8,2432,62.68,1007,25.97,35,69,BGA1023,Laptop
Intel Core i3-2328M @ 2.20GHz,92.97,2543,27.36,1063,11.44,35,72,PGA988,Laptop
Intel Core i3-2330M @ 2.20GHz,49.9,2526,50.58,1058,21.18,35,72,BGA1023,Laptop
Intel Core i3-2350M @ 2.30GHz,31.8,2631,82.53,1097,34.43,35,75,PGA988B,Laptop
Intel Core i3-2370M @ 2.40GHz,39.81,2778,69.79,1163,29.22,35,79,PGA988B,Laptop
Intel Core i3-3110M @ 2.40GHz,79.95,3081,38.55,1231,15.4,35,88,BGA1023,Laptop
Intel Core i3-3120M @ 2.50GHz,110.0,3225,29.32,1285,11.68,35,92,PGA988,Laptop
Intel Core i3-3220 @ 3.30GHz,54.9,4246,77.22,1756,31.95,55,77,LGA1155,Desktop
Intel Core i3-3220T @ 2.80GHz,125.0,3697,29.58,1488,11.91,35,105,LGA1155,Desktop
Intel Core i3-3240 @ 3.40GHz,50.0,4318,86.37,1804,36.09,55,78,LGA1155,Desktop
Intel Core i3-3245 @ 3.40GHz,172.01,4463,25.95,1831,10.65,55,81,LGA1155,Desktop
Intel Core i3-3250 @ 3.50GHz,70.0,4460,63.73,1852,26.47,55,81,LGA1155,Desktop
Intel Core i3-350M @ 2.27GHz,16.7,1891,112.95,820,49.0,35,54,BGA1288,Laptop
Intel Core i3-370M @ 2.40GHz,39.96,2014,50.42,917,22.97,35,57,PGA988A,Laptop
Intel Core i3-380M @ 2.53GHz,59.9,2093,34.92,970,16.19,35,59,PGA988A,Laptop
Intel Core i3-390M @ 2.67GHz,38.95,2172,55.78,1005,25.82,35,62,BGA1288,Laptop
Intel Core i3-4130 @ 3.40GHz,89.9,4804,53.39,1959,21.78,54,88,LGA1150,Desktop
Intel Core i3-4130T @ 2.90GHz,88.99,4150,46.64,1668,18.75,35,118,LGA1150,Desktop
Intel Core i3-4150 @ 3.50GHz,99.0,4900,49.5,2008,20.29,54,90,FCLGA1150,Desktop
Intel Core i3-4160 @ 3.60GHz,89.9,5048,56.1,2070,23.01,54,93,FCLGA1150,Desktop
Intel Core i3-4160T @ 3.10GHz,149.99,4451,29.68,1801,12.01,35,127,LGA1150,Desktop
Intel Core i3-4330 @ 3.50GHz,109.0,5086,46.67,2027,18.6,54,94,LGA1150,Desktop
Intel Core i3-4340 @ 3.60GHz,169.99,5242,30.84,2086,12.27,54,97,LGA1150,Desktop
Intel Core i3-4350 @ 3.60GHz,169.99,4990,29.36,2096,12.34,54,92,LGA1150,Desktop
Intel Core i3-4370T @ 3.30GHz,138.0,4870,35.29,1942,14.08,35,139,FCLGA1150,Desktop
Intel Core i3-6098P @ 3.60GHz,133.74,5387,40.28,2077,15.53,54,99,LGA 1151,Desktop
Intel Core i3-6100 @ 3.70GHz,114.9,5483,47.69,2105,18.31,51,107,LGA 1151,Desktop
Intel Core i3-6100T @ 3.20GHz,134.99,4852,35.95,1820,13.48,35,138,LGA 1151,Desktop
Intel Core i3-6300 @ 3.80GHz,158.99,5844,36.76,2164,13.61,51,114,LGA 1151,Desktop
Intel Core i3-6300T @ 3.30GHz,154.99,5247,33.86,1902,12.27,35,149,LGA 1151,Desktop
Intel Core i3-7100 @ 3.90GHz,122.8,5780,47.06,2227,18.13,51,113,FCLGA1151,Desktop
Intel Core i3-7100T @ 3.40GHz,145.7,5049,34.65,1917,13.16,35,144,FCLGA1151,Desktop
Intel Core i3-7101TE @ 3.40GHz,117.0,5189,44.36,1962,16.78,35,148,FCLGA1151,Desktop
Intel Core i3-7300 @ 4.00GHz,171.84,6328,36.83,2305,13.41,51,124,FCLGA1151,Desktop
Intel Core i3-7300T @ 3.50GHz,181.59,5369,29.57,1928,10.62,35,153,FCLGA1151,Desktop
Intel Core i3-7320 @ 4.10GHz,182.72,6417,35.12,2345,12.84,51,125,FCLGA1151,Desktop
Intel Core i3-7350K @ 4.20GHz,195.9,6597,33.67,2427,12.39,60,109,FCLGA1151,Desktop
Intel Core i3-8100 @ 3.60GHz,139.7,8010,57.31,2097,15.01,65,123,FCLGA1151-2,Desktop
Intel Core i3-8100B @ 3.60GHz,133.0,8544,64.24,2173,16.34,65,131,FCBGA1440,Laptop
Intel Core i3-8100T @ 3.10GHz,129.0,7314,56.7,1825,14.15,35,208,FCLGA1151-2,Desktop
Intel Core i3-8300 @ 3.70GHz,184.7,8693,47.07,2168,11.74,62,140,FCLGA1151-2,Desktop
Intel Core i3-8300T @ 3.20GHz,170.49,8032,47.11,1888,11.07,25,321,FCLGA1151-2,Desktop
Intel Core i3-8350K @ 4.00GHz,184.99,9245,49.98,2337,12.64,91,101,FCLGA1151-2,Desktop
Intel Core i3-9100 @ 3.60GHz,142.5,9042,63.45,2415,16.95,65,139,FCLGA1151-2,Desktop
Intel Core i3-9100F @ 3.60GHz,96.7,8900,92.02,2407,24.89,65,136,FCLGA1151-2,Desktop
Intel Core i3-9100T @ 3.10GHz,122.0,7673,62.9,2154,17.66,35,219,FCLGA1151-2,Desktop
Intel Core i3-9300 @ 3.70GHz,152.0,10018,65.91,2529,16.64,62,161,FCLGA1151-2,Desktop
Intel Core i3-9300T @ 3.20GHz,143.0,8777,61.38,2234,15.62,35,250,FCLGA1151-2,Desktop
Intel Core i3-9320 @ 3.70GHz,162.0,10144,62.62,2552,15.76,62,163,FCLGA1151-2,Desktop
Intel Core i3-9350KF @ 4.00GHz,188.9,10512,55.62,2629,13.91,91,115,FCLGA1151-2,Desktop
Intel Core i5-10210U @ 1.60GHz,297.0,9105,30.66,2351,7.92,15,607,FCBGA1528,Laptop
Intel Core i5-1035G1 @ 1.00GHz,297.0,8991,30.28,2431,8.19,15,599,FCBGA1526,Laptop
Intel Core i5-1035G4 @ 1.10GHz,309.0,9753,31.56,2162,7.0,15,650,FCBGA1526,Laptop
Intel Core i5-1035G7 @ 1.20GHz,320.0,9456,29.55,2164,6.77,15,630,FCBGA1526,Laptop
Intel Core i5-2300 @ 2.80GHz,79.99,5363,67.05,1574,19.68,95,56,LGA1155,Desktop
Intel Core i5-2310 @ 2.90GHz,186.33,5535,29.71,1625,8.72,95,58,LGA1155,Desktop
Intel Core i5-2320 @ 3.00GHz,93.0,5773,62.09,1694,18.22,95,60,LGA1155,Desktop
Intel Core i5-2380P @ 3.10GHz,180.0,5762,32.01,1678,9.32,95,60,LGA1155,Desktop
Intel Core i5-2390T @ 2.70GHz,99.9,4223,42.27,1718,17.21,35,120,LGA1155,Desktop
Intel Core i5-2400 @ 3.10GHz,58.3,5971,102.41,1747,29.96,95,62,LGA1155,Desktop
Intel Core i5-2400S @ 2.50GHz,182.0,4989,27.42,1609,8.84,65,76,LGA1155,Desktop
Intel Core i5-2410M @ 2.30GHz,72.0,3170,44.04,1324,18.39,35,90," 	FCBGA1023, PPG",Laptop
Intel Core i5-2430M @ 2.40GHz,89.02,3287,36.93,1363,15.31,35,93,PGA988B,Laptop
Intel Core i5-2450M @ 2.50GHz,84.02,3400,40.48,1398,16.65,35,97,BGA1023,Laptop
Intel Core i5-2450P @ 3.20GHz,89.99,6149,68.34,1778,19.76,95,64,LGA1155,Desktop
Intel Core i5-2500 @ 3.30GHz,55.0,6352,115.51,1878,34.16,95,66,LGA1155,Desktop
Intel Core i5-2500S @ 2.70GHz,74.99,5386,71.84,1813,24.18,65,82,LGA1155,Desktop
Intel Core i5-2500T @ 2.30GHz,89.99,4647,51.64,1568,17.43,45,103,LGA1155,Desktop
Intel Core i5-2540M @ 2.60GHz,58.0,3782,65.2,1560,26.89,35,108,BGA1023,Laptop
Intel Core i5-2550K @ 3.40GHz,190.0,6672,35.12,1936,10.19,95,70,LGA1155,Desktop
Intel Core i5-3210M @ 2.50GHz,68.24,3828,56.1,1520,22.28,35,109,PGA988B,Laptop
Intel Core i5-3320M @ 2.60GHz,69.81,4133,59.21,1642,23.53,35,118,BGA1023,Laptop
Intel Core i5-3330 @ 3.00GHz,200.0,5953,29.77,1700,8.5,77,77,LGA1155,Desktop
Intel Core i5-3330S @ 2.70GHz,94.99,5678,59.78,1652,17.39,65,87,LGA1155,Desktop
Intel Core i5-3340M @ 2.70GHz,79.95,4248,53.14,1693,21.18,35,121,BGA1023,Laptop
Intel Core i5-3340S @ 2.80GHz,149.99,5846,38.98,1711,11.41,65,89,LGA1155,Desktop
Intel Core i5-3350P @ 3.10GHz,149.99,6154,41.03,1748,11.66,69,89,LGA1155,Desktop
Intel Core i5-3360M @ 2.80GHz,92.8,4439,47.84,1763,19.0,35,126,BGA1023,Laptop
Intel Core i5-3450 @ 3.10GHz,219.3,6534,29.79,1856,8.47,77,84,LGA1155,Desktop
Intel Core i5-3450S @ 2.80GHz,145.01,6229,42.96,1812,12.5,65,95,LGA1155,Desktop
Intel Core i5-3470 @ 3.20GHz,69.9,6724,96.07,1915,27.37,77,87,LGA1155,Desktop
Intel Core i5-3470S @ 2.90GHz,89.0,6391,71.81,1861,20.92,65,98,LGA1155,Desktop
Intel Core i5-3475S @ 2.90GHz,143.5,6622,46.15,1897,13.22,65,101,LGA1155,Desktop
Intel Core i5-3550 @ 3.30GHz,99.99,6966,69.67,1970,19.71,77,90,LGA1155,Desktop
Intel Core i5-3570 @ 3.40GHz,63.9,7140,111.59,2022,31.61,77,92,LGA1155,Desktop
Intel Core i5-4200M @ 2.50GHz,81.12,4036,49.76,1641,20.24,37,109,PGA946,Laptop
Intel Core i5-4430 @ 3.00GHz,159.9,6339,39.62,1826,11.42,84,75,LGA1150,Desktop
Intel Core i5-4430S @ 2.70GHz,159.99,5956,37.23,1775,11.1,65,91,LGA1150,Desktop
Intel Core i5-4460 @ 3.20GHz,191.1,6724,35.18,1942,10.16,84,80,LGA1150,Desktop
Intel Core i5-450M @ 2.40GHz,31.95,2133,66.76,975,30.53,35,60,PGA988A,Laptop
Intel Core i5-4570 @ 3.20GHz,69.0,7154,103.69,2057,29.81,84,85,LGA1150,Desktop
Intel Core i5-4570S @ 2.90GHz,139.9,6831,48.8,2004,14.32,65,105,LGA1150,Desktop
Intel Core i5-4590 @ 3.30GHz,119.9,7341,61.18,2115,17.63,84,87,LGA1150,Desktop
Intel Core i5-4590S @ 3.00GHz,227.9,7071,31.03,2100,9.21,65,108,LGA1150,Desktop
Intel Core i5-4590T @ 2.00GHz,209.95,5625,26.8,1687,8.04,35,160,LGA1150,Desktop
Intel Core i5-460M @ 2.53GHz,74.95,2320,30.96,1073,14.32,35,66,BGA1288,Laptop
Intel Core i5-4670 @ 3.40GHz,168.7,7471,44.28,2157,12.79,84,88,LGA1150,Desktop
Intel Core i5-4670K @ 3.40GHz,299.9,7635,25.46,2187,7.29,84,90,LGA1150,Desktop
Intel Core i5-4670R @ 3.00GHz,276.0,7419,26.88,2159,7.82,65,114,FCBGA1364,Desktop
Intel Core i5-4670S @ 3.10GHz,213.0,7407,34.78,2148,10.09,65,113,FCLGA1150,Desktop
Intel Core i5-4690 @ 3.50GHz,224.7,7690,34.23,2217,9.87,84,91,LGA1150,Desktop
Intel Core i5-4690K @ 3.50GHz,159.0,7799,49.05,2235,14.06,88,88,LGA1150,Desktop
Intel Core i5-480M @ 2.67GHz,80.6,2400,29.78,1122,13.92,35,68,BGA1288,Laptop
Intel Core i5-520M @ 2.40GHz,29.8,2366,79.4,1060,35.57,35,67,BGA1288,Laptop
Intel Core i5-540M @ 2.53GHz,68.0,2452,36.07,1105,16.26,35,70,BGA1288,Laptop
Intel Core i5-560M @ 2.67GHz,81.97,2579,31.47,1197,14.61,35,73,BGA1288,Laptop
Intel Core i5-5675C @ 3.10GHz,309.95,8135,26.25,2141,6.91,65,125,FCLGA1150,Desktop
Intel Core i5-6400 @ 2.70GHz,228.83,6755,29.52,1824,7.97,65,103,LGA 1151,Desktop
Intel Core i5-6402P @ 2.80GHz,189.99,7100,37.37,1899,10.0,65,109,LGA 1151,Desktop
Intel Core i5-650 @ 3.20GHz,84.98,3096,36.44,1323,15.58,73,42,LGA1156,Desktop
Intel Core i5-6500 @ 3.20GHz,160.8,7246,45.04,1948,12.11,65,111,LGA 1151,Desktop
Intel Core i5-6500T @ 2.50GHz,144.99,6300,43.45,1717,11.85,35,180,LGA 1151,Desktop
Intel Core i5-6500TE @ 2.30GHz,209.99,6580,31.34,1749,8.33,35,188,LGA 1151,Desktop
Intel Core i5-655K @ 3.20GHz,59.99,3386,56.45,1440,24.01,73,46,LGA1156,Desktop
Intel Core i5-6600 @ 3.30GHz,262.13,7774,29.66,2095,7.99,65,119,LGA 1151,Desktop
Intel Core i5-6600K @ 3.50GHz,263.11,8058,30.63,2146,8.16,91,88,FCLGA1151,Desktop
Intel Core i5-680 @ 3.60GHz,89.99,3513,39.04,1551,17.24,73,48,LGA1156,Desktop
Intel Core i5-7400 @ 3.00GHz,207.81,7236,34.82,1945,9.36,65,111,FCLGA1151,Desktop
Intel Core i5-7400T @ 2.40GHz,205.2,6333,30.85,1693,8.25,35,180,LGA1151,Desktop
Intel Core i5-750 @ 2.67GHz,40.1,3720,92.57,1146,28.52,95,39,LGA1156,Desktop
Intel Core i5-7500 @ 3.40GHz,202.3,7936,39.22,2114,10.45,65,122,LGA1151,Desktop
Intel Core i5-7500T @ 2.70GHz,233.7,6956,29.77,1854,7.94,35,198,FCLGA1151,Desktop
Intel Core i5-7600 @ 3.50GHz,261.4,8639,33.05,2280,8.72,65,132,FCLGA1151,Desktop
Intel Core i5-7600K @ 3.80GHz,314.2,9048,28.79,2380,7.58,91,99,FCLGA1151,Desktop
Intel Core i5-7600T @ 2.80GHz,253.2,7983,31.52,2106,8.32,35,228,FCLGA1151,Desktop
Intel Core i5-7640X @ 4.00GHz,242.0,9461,39.1,2449,10.12,112,84,FCLGA2066,Desktop
Intel Core i5-8265U @ 1.60GHz,297.0,7978,26.86,2133,7.18,15,531,FCBGA1528,Laptop
Intel Core i5-8279U @ 2.40GHz,320.0,10623,33.2,2236,6.99,28,379,FCBGA1528,Laptop
Intel Core i5-8300H @ 2.30GHz,250.0,9465,37.86,2300,9.2,45,210,FCLGA1151-2,Laptop
Intel Core i5-8350U @ 1.70GHz,297.0,8140,27.41,2063,6.95,15,542,FC-BGA1356,Laptop
Intel Core i5-8365U @ 1.60GHz,297.0,8398,28.28,2290,7.71,15,559,FCBGA1528,Laptop
Intel Core i5-8400 @ 2.80GHz,190.8,11574,60.66,2332,12.22,65,178,FCLGA1151-2,Desktop
Intel Core i5-8400H @ 2.50GHz,250.0,10408,41.63,2436,9.75,45,231,FCBGA1440,Laptop
Intel Core i5-8400T @ 1.70GHz,199.0,9517,47.82,1925,9.68,35,271,FCLGA1151-2,Desktop
Intel Core i5-8500 @ 3.00GHz,209.0,11808,56.5,2406,11.52,65,181,FCLGA1151-2,Desktop
Intel Core i5-8500B @ 3.00GHz,192.0,12756,66.44,2465,12.84,65,196,FCBGA1440,Laptop
Intel Core i5-8500T @ 2.10GHz,234.36,9992,42.64,2036,8.69,35,285,FCLGA1151-2,Desktop
Intel Core i5-8600 @ 3.10GHz,277.21,12472,44.99,2505,9.04,65,191,FCLGA1151-2,Desktop
Intel Core i5-8600K @ 3.60GHz,285.8,12682,44.37,2512,8.79,95,133,FCLGA1151-2,Desktop
Intel Core i5-8600T @ 2.30GHz,366.99,10981,29.92,2211,6.03,35,313,FCLGA1151-2,Desktop
Intel Core i5-9300H @ 2.40GHz,250.0,9758,39.03,2360,9.44,45,216,FCBGA1440,Laptop
Intel Core i5-9400 @ 2.90GHz,189.9,11969,63.0,2396,12.61,65,184,FCLGA1151-2,Desktop
Intel Core i5-9400F @ 2.90GHz,144.9,12115,83.56,2396,16.53,65,186,FCLGA1151-2,"Desktop, Laptop"
Intel Core i5-9400H @ 2.50GHz,250.0,11435,45.74,2521,10.09,45,254,FCBGA1440,Laptop
Intel Core i5-9500 @ 3.00GHz,249.9,12141,48.57,2622,10.49,65,186,FCLGA1151-2,Desktop
Intel Core i5-9500F @ 3.00GHz,202.0,13014,64.43,2638,13.06,65,200,FCLGA1151-2,Desktop
Intel Core i5-9500T @ 2.20GHz,192.0,10532,54.86,2203,11.48,35,300,FCLGA1151-2,Desktop
Intel Core i5-9600 @ 3.10GHz,224.0,13931,62.19,2724,12.16,65,214,FCLGA1151-2,Desktop
Intel Core i5-9600K @ 3.70GHz,243.9,13478,55.25,2680,10.99,95,141,FCLGA1151-2,Desktop
Intel Core i5-9600KF @ 3.70GHz,239.9,13579,56.58,2690,11.21,95,142,FCLGA1151-2,Desktop
Intel Core i7-10710U @ 1.10GHz,443.0,13052,29.46,2324,5.25,15,870,FCBGA1528,Laptop
Intel Core i7-2600 @ 3.40GHz,119.9,8185,68.22,1922,16.02,95,86,LGA1155,Desktop
Intel Core i7-2600K @ 3.40GHz,147.4,8435,57.23,1941,13.17,95,88,LGA1155,Desktop
Intel Core i7-2600S @ 2.80GHz,105.12,7092,67.47,1810,17.23,65,109,LGA1155,Desktop
Intel Core i7-2630QM @ 2.00GHz,102.0,5521,54.12,1312,12.86,45,122,PGA988B,Laptop
Intel Core i7-2640M @ 2.80GHz,119.95,3925,32.73,1590,13.26,35,112,BGA1023,Laptop
Intel Core i7-2670QM @ 2.20GHz,138.4,5878,42.47,1392,10.06,45,130,PGA988B,Laptop
Intel Core i7-2700K @ 3.50GHz,300.0,8691,28.97,2006,6.69,95,91,LGA1155,Desktop
Intel Core i7-2720QM @ 2.20GHz,189.95,6100,32.12,1457,7.68,45,135,BGA1224,Laptop
Intel Core i7-2760QM @ 2.40GHz,209.95,6557,31.23,1589,7.57,45,145,BGA1224,Laptop
Intel Core i7-2820QM @ 2.30GHz,191.0,6646,34.79,1558,8.16,45,147,BGA1224,Laptop
Intel Core i7-3520M @ 2.90GHz,132.02,4548,34.45,1781,13.5,35,129,BGA1023,Laptop
Intel Core i7-3630QM @ 2.40GHz,239.0,7581,31.72,1684,7.05,45,168,rPGA988B,Laptop
Intel Core i7-3632QM @ 2.20GHz,229.95,6927,30.13,1562,6.79,35,197,rPGA988B,Laptop
Intel Core i7-3740QM @ 2.70GHz,239.95,8310,34.63,1872,7.8,45,184,rPGA988B,Laptop
Intel Core i7-3770 @ 3.40GHz,112.6,9278,82.34,2068,18.35,77,120,LGA1155,Desktop
Intel Core i7-3770K @ 3.50GHz,209.4,9515,45.42,2083,9.95,77,123,LGA1155,Desktop
Intel Core i7-3770S @ 3.10GHz,149.6,8900,59.47,2026,13.54,65,136,LGA1155,Desktop
Intel Core i7-3820QM @ 2.70GHz,285.0,8404,29.49,1844,6.47,45,186,BGA1224,Laptop
Intel Core i7-3840QM @ 2.80GHz,289.05,8762,30.31,1911,6.61,45,194,rPGA988B,Laptop
Intel Core i7-3930K @ 3.20GHz,229.99,11975,52.07,1934,8.41,130,92,LGA2011,Desktop
Intel Core i7-4700MQ @ 2.40GHz,189.0,7689,40.68,1809,9.57,47,163,rPGA946B,Laptop
Intel Core i7-4702MQ @ 2.20GHz,218.45,7131,32.65,1702,7.8,37,192,FCPGA946,Laptop
Intel Core i7-4710MQ @ 2.50GHz,271.57,7987,29.41,1898,6.99,47,169,FCPGA946,Laptop
Intel Core i7-4770 @ 3.40GHz,162.9,9781,60.03,2227,13.67,84,116,LGA1150,Desktop
Intel Core i7-4770K @ 3.50GHz,343.0,10076,29.38,2250,6.56,84,119,LGA1150,Desktop
Intel Core i7-4790 @ 3.60GHz,169.8,9990,58.81,2282,13.44,84,118,FCLGA1150,Desktop
Intel Core i7-4790K @ 4.00GHz,279.9,11165,39.88,2528,9.03,88,126,LGA1150,Desktop
Intel Core i7-4790S @ 3.20GHz,269.0,9559,35.54,2242,8.34,65,147,LGA1150,Desktop
Intel Core i7-4790T @ 2.70GHz,359.9,9068,25.19,2163,6.01,45,201,LGA1150,Desktop
Intel Core i7-4800MQ @ 2.70GHz,204.0,8444,41.4,1992,9.77,47,179,rPGA946B,Laptop
Intel Core i7-4810MQ @ 2.80GHz,189.95,8656,45.57,2068,10.89,47,184,FCPGA946,Laptop
Intel Core i7-4820K @ 3.70GHz,219.99,9721,44.19,2016,9.17,130,74,FCLGA2011,Desktop
Intel Core i7-4930K @ 3.40GHz,475.5,13023,27.39,1998,4.2,130,100,LGA2011,Desktop
Intel Core i7-5820K @ 3.30GHz,249.9,13013,52.06,2025,8.1,140,92,LGA2011-v3,Desktop
Intel Core i7-5930K @ 3.50GHz,329.0,13664,41.53,2104,6.4,140,97,LGA2011-v3,Desktop
Intel Core i7-6700 @ 3.40GHz,334.9,10003,29.86,2154,6.43,65,153,LGA 1151,Desktop
Intel Core i7-6700K @ 4.00GHz,312.61,11109,35.54,2354,7.53,95,116,LGA1151,Desktop
Intel Core i7-6800K @ 3.40GHz,337.0,13565,40.25,2065,6.13,140,96,LGA2011-v3,Desktop
Intel Core i7-6850K @ 3.60GHz,502.7,14372,28.59,2191,4.36,140,102,FCLGA2011-3,Desktop
Intel Core i7-6900K @ 3.20GHz,701.8,17614,25.1,2185,3.11,140,125,FCLGA2011-3,Desktop
Intel Core i7-720QM @ 1.60GHz,109.95,3008,27.37,872,7.94,45,66,PGA988A,Laptop
Intel Core i7-7700 @ 3.60GHz,316.7,10687,33.75,2342,7.4,65,164,LGA1151,Desktop
Intel Core i7-7700K @ 4.20GHz,353.3,11995,33.95,2581,7.31,95,126,	LGA 1151,Desktop
Intel Core i7-7700T @ 2.90GHz,309.0,9307,30.12,2047,6.63,35,265,FCLGA1151,Desktop
Intel Core i7-7740X @ 4.30GHz,335.0,12225,36.49,2624,7.83,112,109,FCLGA2066,Desktop
Intel Core i7-7800X @ 3.50GHz,509.99,14634,28.7,2261,4.43,140,104,FCLGA2066,Desktop
Intel Core i7-7820X @ 3.60GHz,446.0,18524,41.53,2397,5.37,140,132,FCLGA2066,Desktop
Intel Core i7-8086K @ 4.00GHz,552.96,16681,30.17,2826,5.11,95,175,FCLGA1151-2,Desktop
Intel Core i7-870 @ 2.93GHz,95.3,5341,56.02,1303,13.67,95,56,LGA1156,Desktop
Intel Core i7-8700 @ 3.20GHz,389.3,15140,38.89,2627,6.75,65,232,FCLGA1151-2,Desktop
Intel Core i7-8700B @ 3.20GHz,303.0,14802,48.85,2646,8.74,65,227,FCBGA1440,Laptop
Intel Core i7-8700K @ 3.70GHz,354.9,15931,44.88,2697,7.6,95,167,FCLGA1151-2,Desktop
Intel Core i7-8700T @ 2.40GHz,409.0,12624,30.87,2336,5.71,35,360,FCLGA1151-2,Desktop
Intel Core i7-8750H @ 2.20GHz,395.0,12401,31.4,2346,5.94,45,275,FCBGA1440,Laptop
Intel Core i7-8850H @ 2.60GHz,395.0,12985,32.87,2448,6.2,45,288,FCBGA1440,Laptop
Intel Core i7-920 @ 2.67GHz,41.0,4914,119.86,1166,28.46,130,37,LGA1366,Desktop
Intel Core i7-930 @ 2.80GHz,109.9,5132,46.67,1219,11.09,130,39,LGA1366,Desktop
Intel Core i7-940 @ 2.93GHz,103.99,5332,51.28,1274,12.26,130,41,LGA1366,Desktop
Intel Core i7-950 @ 3.07GHz,40.99,5540,135.16,1327,32.4,130,42,LGA1366,Desktop
Intel Core i7-9700 @ 3.00GHz,335.9,15880,47.27,2709,8.07,65,244,FCLGA1151-2,Desktop
Intel Core i7-9700F @ 3.00GHz,343.6,16470,47.92,2706,7.88,65,253,FCLGA1151-2,Desktop
Intel Core i7-9700K @ 3.60GHz,364.9,17195,47.11,2817,7.72,95,181,FCLGA1151-2,Desktop
Intel Core i7-9700KF @ 3.60GHz,359.9,17107,47.52,2806,7.8,95,180,FCLGA1151-2,Desktop
Intel Core i7-9700T @ 2.00GHz,323.0,13296,41.17,2497,7.73,35,379,FCLGA1151-2,Desktop
Intel Core i7-980 @ 3.33GHz,199.98,8593,42.97,1449,7.25,130,66,LGA1366,Desktop
Intel Core i7-9800X @ 3.80GHz,604.2,19676,32.56,2520,4.17,165,119,FCLGA2066,Desktop
Intel Core i7-9850H @ 2.60GHz,395.0,14076,35.64,2581,6.54,45,312,nan,Laptop
Intel Core i7-990X @ 3.47GHz,349.99,9058,25.88,1513,4.33,130,69,LGA1366,Desktop
Intel Core i9-9820X @ 3.30GHz,560.2,21648,38.64,2361,4.22,165,131,FCLGA2066,Desktop
Intel Core i9-9880H @ 2.30GHz,556.0,16758,30.14,2575,4.63,45,372,FCBGA1440,Laptop
Intel Core i9-9900 @ 3.10GHz,439.9,18496,42.04,2815,6.4,65,284,FCLGA1151-2,Desktop
Intel Core i9-9900K @ 3.60GHz,484.9,20197,41.65,2894,5.97,95,212,FCLGA1151-2,Desktop
Intel Core i9-9900KF @ 3.60GHz,469.9,20421,43.45,2903,6.18,95,214,FCLGA1151-2,Desktop
Intel Core i9-9980HK @ 2.40GHz,583.0,17673,30.32,2688,4.61,45,392,FCBGA1440,Laptop
Intel Core2 Duo E4700 @ 2.60GHz,26.99,1481,54.88,974,36.11,65,22,LGA775,Desktop
Intel Core2 Duo E6300 @ 1.86GHz,12.99,1108,85.33,695,53.53,65,17,"LGA775, PLGA775",Desktop
Intel Core2 Duo E6400 @ 2.13GHz,29.95,1288,43.04,803,26.82,65,19,LGA775,Desktop
Intel Core2 Duo E6420 @ 2.13GHz,49.99,1360,27.21,807,16.15,65,20,PLGA775,Desktop
Intel Core2 Duo E6550 @ 2.33GHz,14.95,1497,100.18,882,59.05,65,23,LGA775,Desktop
Intel Core2 Duo E6600 @ 2.40GHz,14.99,1554,103.71,907,60.54,65,23,PLGA775,Desktop
Intel Core2 Duo E6700 @ 2.66GHz,29.99,1693,56.46,996,33.23,65,26,LGA775,Desktop
Intel Core2 Duo E6750 @ 2.66GHz,10.3,1712,166.27,1004,97.56,65,26,LGA775,Desktop
Intel Core2 Duo E6850 @ 3.00GHz,49.99,1945,38.92,1137,22.76,65,29,LGA775,Desktop
Intel Core2 Duo E7200 @ 2.53GHz,49.0,1625,33.17,1046,21.36,65,25,LGA775,Desktop
Intel Core2 Duo E7300 @ 2.66GHz,39.88,1726,43.3,1108,27.8,65,26,LGA775,Desktop
Intel Core2 Duo E7400 @ 2.80GHz,28.99,1769,61.05,1142,39.42,65,27,LGA775,Desktop
Intel Core2 Duo E7500 @ 2.93GHz,14.99,1874,125.03,1201,80.14,65,28,LGA775,Desktop
Intel Core2 Duo E8200 @ 2.66GHz,49.99,1882,37.66,1110,22.22,65,28,LGA775,Desktop
Intel Core2 Duo E8300 @ 2.83GHz,19.99,1990,99.58,1174,58.77,65,30,LGA775,Desktop
Intel Core2 Duo E8400 @ 3.00GHz,45.5,2148,47.23,1247,27.42,65,33,LGA775,Desktop
Intel Core2 Duo E8500 @ 3.16GHz,39.99,2281,57.06,1314,32.87,65,35,LGA775,Desktop
Intel Core2 Duo E8600 @ 3.33GHz,42.45,2398,56.51,1370,32.28,65,36,LGA775,Desktop
Intel Core2 Duo P7350 @ 2.00GHz,19.99,1289,64.51,785,39.28,25,51,BGA479,Laptop
Intel Core2 Duo P7450 @ 2.13GHz,39.99,1416,35.42,832,20.81,25,56,PGA478,Laptop
Intel Core2 Duo P8600 @ 2.40GHz,49.18,1536,31.25,943,19.18,25,61,BGA479,Laptop
Intel Core2 Duo P8700 @ 2.53GHz,37.99,1624,42.77,994,26.17,25,64,BGA479,Laptop
Intel Core2 Duo P8800 @ 2.66GHz,56.99,1739,30.53,1055,18.52,25,69,BGA479,Laptop
Intel Core2 Duo T5750 @ 2.00GHz,9.99,1092,109.39,687,68.83,35,31,Socket P,Laptop
Intel Core2 Duo T5850 @ 2.16GHz,15.9,1203,75.69,760,47.83,0,0,Socket P,Laptop
Intel Core2 Duo T6400 @ 2.00GHz,14.99,1226,81.8,773,51.62,35,35,PGA478,Laptop
Intel Core2 Duo T6500 @ 2.10GHz,14.99,1285,85.78,811,54.16,35,36,PGA478,Laptop
Intel Core2 Duo T6570 @ 2.10GHz,38.5,1259,32.72,821,21.34,35,35,PGA478,Laptop
Intel Core2 Duo T6600 @ 2.20GHz,18.9,1359,71.92,841,44.54,35,38,PGA478,Laptop
Intel Core2 Duo T7100 @ 1.80GHz,21.99,1020,46.39,651,29.65,35,29,BGA479,Laptop
Intel Core2 Duo T7300 @ 2.00GHz,30.99,1193,38.52,710,22.94,35,34,BGA479,Laptop
Intel Core2 Duo T7500 @ 2.20GHz,42.99,1271,29.57,768,17.87,35,36,BGA479,Laptop
Intel Core2 Duo T9300 @ 2.50GHz,57.99,1673,28.86,979,16.89,35,47,BGA479,Laptop
Intel Core2 Duo T9400 @ 2.53GHz,44.95,1738,38.67,993,22.09,35,49,BGA479,Laptop
Intel Core2 Quad Q6600 @ 2.40GHz,39.98,2947,73.72,924,23.11,105,28,LGA775,Desktop
Intel Core2 Quad Q6700 @ 2.66GHz,44.99,3281,72.93,1030,22.91,105,31,LGA775,Desktop
Intel Core2 Quad Q8200 @ 2.33GHz,22.99,2808,122.14,990,43.09,95,29,LGA775,Desktop
Intel Core2 Quad Q8300 @ 2.50GHz,49.99,2980,59.62,1057,21.15,95,31,LGA775,Desktop
Intel Core2 Quad Q9400 @ 2.66GHz,48.03,3338,69.51,1127,23.47,95,35,LGA775,Desktop
Intel Core2 Quad Q9450 @ 2.66GHz,35.7,3757,105.24,1132,31.72,95,39,LGA775,Desktop
Intel Core2 Quad Q9500 @ 2.83GHz,34.99,3521,100.63,1190,34.02,95,37,LGA775,Desktop
Intel Core2 Quad Q9550 @ 2.83GHz,44.49,3962,89.07,1196,26.89,95,41,LGA775,Desktop
Intel Core2 Quad Q9650 @ 3.00GHz,109.1,4156,38.1,1260,11.55,95,43,LGA775,Desktop
Intel Pentium B940 @ 2.00GHz,29.94,1727,57.71,988,33.03,35,49,PGA988,Laptop
Intel Pentium B960 @ 2.20GHz,48.99,1853,37.84,1069,21.83,35,52,PGA988,Laptop
Intel Pentium B970 @ 2.30GHz,50.99,1953,38.32,1121,21.99,35,55,PGA988,Laptop
Intel Pentium B980 @ 2.40GHz,69.95,2027,28.98,1164,16.64,35,57,FCPGA988,Laptop
Intel Pentium D1508 @ 2.20GHz,129.0,3813,29.56,1498,11.61,25,152,FCBGA1667,Server
Intel Pentium E2160 @ 1.80GHz,15.51,999,64.42,658,42.44,65,15,LGA775,Desktop
Intel Pentium E2180 @ 2.00GHz,29.9,1088,36.28,729,24.33,65,16,LGA775,Desktop
Intel Pentium E5200 @ 2.50GHz,35.9,1487,41.38,1016,28.27,65,22,LGA775,Desktop
Intel Pentium E5300 @ 2.60GHz,25.98,1539,59.25,1049,40.4,65,23,LGA775,Desktop
Intel Pentium E5400 @ 2.70GHz,17.76,1596,89.9,1091,61.47,65,24,LGA775,Desktop
Intel Pentium E5500 @ 2.80GHz,25.99,1635,62.94,1132,43.56,65,25,LGA775,Desktop
Intel Pentium E5700 @ 3.00GHz,14.99,1737,115.94,1217,81.2,65,26,LGA775,Desktop
Intel Pentium E5800 @ 3.20GHz,29.99,1888,62.97,1313,43.81,65,29,LGA775,Desktop
Intel Pentium E6300 @ 2.80GHz,10.3,1706,165.68,1140,110.75,65,26,LGA775,Desktop
Intel Pentium E6700 @ 3.20GHz,29.9,1932,64.44,1287,42.95,65,29,LGA775,Desktop
Intel Pentium G2010 @ 2.80GHz,50.0,2597,51.95,1493,29.87,55,47,FCLGA1155,Desktop
Intel Pentium G2020 @ 2.90GHz,59.95,2753,45.92,1543,25.74,55,50,FCLGA1155,Desktop
Intel Pentium G2020T @ 2.50GHz,47.6,2418,50.81,1311,27.54,35,69,FCLGA1155,Desktop
Intel Pentium G2030 @ 3.00GHz,39.99,2867,71.7,1603,40.1,55,52,FCLGA1155,Desktop
Intel Pentium G2030T @ 2.60GHz,64.0,2487,38.86,1387,21.68,35,71,LGA1155,Desktop
Intel Pentium G2130 @ 3.20GHz,49.99,3200,64.01,1710,34.21,55,58,FCLGA1155,Desktop
Intel Pentium G2140 @ 3.30GHz,82.0,3377,41.18,1816,22.16,55,61,LGA1155,Desktop
Intel Pentium G3220 @ 3.00GHz,100.6,3125,31.06,1741,17.3,54,57,FCLGA1150,Desktop
Intel Pentium G3220T @ 2.60GHz,62.9,2561,40.67,1448,23.0,35,73,LGA1150,Desktop
Intel Pentium G3240 @ 3.10GHz,79.9,3154,39.44,1788,22.36,53,59,FCLGA1150,Desktop
Intel Pentium G3250 @ 3.20GHz,109.99,3242,29.48,1858,16.9,53,61,LGA1150,Desktop
Intel Pentium G3250T @ 2.80GHz,89.99,2969,33.0,1648,18.32,35,84,LGA1150,Desktop
Intel Pentium G3258 @ 3.20GHz,69.9,3865,55.24,2125,30.37,53,72,FCLGA1150,Desktop
Intel Pentium G3260T @ 2.90GHz,89.99,2930,32.56,1714,19.05,35,83,LGA1150,Desktop
Intel Pentium G3420 @ 3.20GHz,52.5,3396,64.63,1870,35.6,54,62,FCLGA1150,Desktop
Intel Pentium G3430 @ 3.30GHz,89.99,3395,37.74,1865,20.73,54,62,FCLGA1150,Desktop
Intel Pentium G3450 @ 3.40GHz,99.99,3695,36.96,2004,20.04,53,69,FCLGA1150,Desktop
Intel Pentium G3470 @ 3.60GHz,104.29,3714,35.62,2131,20.44,53,70,LGA1150,Desktop
Intel Pentium G4400 @ 3.30GHz,70.0,3539,50.57,1876,26.81,54,65,FCLGA1151,Desktop
Intel Pentium G4400TE @ 2.40GHz,64.0,2885,45.09,1387,21.67,35,82,FCLGA1151,Laptop
Intel Pentium G4500 @ 3.50GHz,100.6,3792,37.68,1972,19.6,51,74,FCLGA1151,Desktop
Intel Pentium G4520 @ 3.60GHz,109.9,4184,38.05,2079,18.91,51,82,FCLGA1151,Desktop
Intel Pentium G4560 @ 3.50GHz,98.42,4864,49.42,1986,20.19,54,90,FCLGA1151,Desktop
Intel Pentium G4560T @ 2.90GHz,109.99,3990,36.28,1650,15.0,35,114,FCLGA1151,Desktop
Intel Pentium G4620 @ 3.70GHz,113.66,5214,45.88,2130,18.75,51,102,FCLGA1151,Desktop
Intel Pentium G620 @ 2.60GHz,24.99,2287,91.53,1324,53.01,65,35,LGA1155,Desktop
Intel Pentium G620T @ 2.20GHz,79.99,2033,25.42,1138,14.23,35,58,LGA1155,Desktop
Intel Pentium G630T @ 2.30GHz,79.99,2089,26.12,1163,14.55,35,59,LGA1155,Desktop
Intel Pentium G645 @ 2.90GHz,40.0,2589,64.73,1485,37.13,65,39,LGA1155,Desktop
Intel Pentium G6950 @ 2.80GHz,39.99,1860,46.52,1112,27.83,73,25,LGA1156,Desktop
Intel Pentium G840 @ 2.80GHz,34.99,2559,73.14,1456,41.61,65,39,FCLGA1155,Desktop
Intel Pentium G860 @ 3.00GHz,82.9,2736,32.97,1547,18.65,65,42,FCLGA1155,Desktop
Intel Pentium G870 @ 3.10GHz,97.0,2819,29.07,1603,16.53,65,43,FCLGA1155,Desktop
Intel Pentium Gold G5400 @ 3.70GHz,64.9,5212,80.2,2177,33.51,54,96,FCLGA1151,Desktop
Intel Pentium Gold G5400T @ 3.10GHz,64.0,4884,76.31,1870,29.22,35,139,FCLGA1151,Server
Intel Pentium Gold G5420 @ 3.80GHz,69.0,5447,78.95,2267,32.86,54,100,FCLGA1151,Desktop
Intel Pentium Gold G5420T @ 3.20GHz,64.0,5156,80.57,1924,30.06,35,147,FCLGA1151,Desktop
Intel Pentium Gold G5500 @ 3.80GHz,169.94,5195,30.57,2158,12.7,54,96,FCLGA1151,Desktop
Intel Pentium Gold G5500T @ 3.20GHz,75.0,4346,57.95,1781,23.75,35,124,FCLGA1151,Desktop
Intel Pentium Gold G5600 @ 3.90GHz,94.9,5570,58.68,2237,23.57,54,103,FCLGA1151,Desktop
Intel Pentium P6100 @ 2.00GHz,28.44,1327,46.68,790,27.8,35,37,PGA988,Laptop
Intel Pentium P6200 @ 2.13GHz,44.95,1351,30.06,817,18.19,35,38,PGA988,Laptop
Intel Pentium T3200 @ 2.00GHz,12.0,1032,86.01,681,56.75,35,29,PPGA478,Laptop
Intel Pentium T4200 @ 2.00GHz,12.0,1152,96.02,777,64.83,35,32,PGA478,Laptop
Intel Xeon 2.40GHz,9.1,276,30.35,595,65.42,0,0,nan,Server
Intel Xeon 3040 @ 1.86GHz,25.04,1278,51.05,738,29.49,65,19,LGA775,Server
Intel Xeon 3060 @ 2.40GHz,22.99,1518,66.07,852,37.08,65,23,LGA775,Server
Intel Xeon 3065 @ 2.33GHz,20.9,1520,72.77,863,41.3,65,23,LGA775,Server
Intel Xeon 5110 @ 1.60GHz,35.0,1084,30.99,619,17.71,65,16,LGA771,Server
Intel Xeon 5130 @ 2.00GHz,48.9,1366,27.9,768,15.69,65,21,LGA771,Server
Intel Xeon 5140 @ 2.33GHz,24.99,1636,65.49,892,35.73,65,25,LGA771,Server
Intel Xeon 5148 @ 2.33GHz,13.13,1590,121.17,899,68.53,40,39,LGA771,Server
Intel Xeon 5160 @ 3.00GHz,37.49,1956,52.18,1138,30.37,80,24,LGA771,Server
Intel Xeon D-1531 @ 2.20GHz,348.0,9643,27.71,1502,4.32,45,214,FCBGA1667,Server
Intel Xeon D-2123IT @ 2.20GHz,213.0,8150,38.26,1651,7.75,60,135,FCBGA2518,Server
Intel Xeon E-2104G @ 3.20GHz,193.0,7825,40.54,1927,9.98,65,120,FCLGA1151-2,Server
Intel Xeon E-2124 @ 3.30GHz,219.99,9467,43.04,2508,11.4,71,133,FCLGA1151-2,Server
Intel Xeon E-2124G @ 3.40GHz,254.0,9891,38.94,2590,10.2,71,139,FCLGA1151-2,Server
Intel Xeon E-2126G @ 3.30GHz,299.99,13583,45.28,2605,8.69,80,169,FCLGA1151-2,Server
Intel Xeon E-2134 @ 3.50GHz,286.9,10882,37.92,2602,9.07,71,153,FCLGA1151-2,Server
Intel Xeon E-2136 @ 3.30GHz,324.46,15793,48.68,2643,8.15,80,197,FCLGA1151-2,Server
Intel Xeon E-2144G @ 3.60GHz,351.9,11381,32.34,2627,7.47,71,160,FCLGA1151-2,Server
Intel Xeon E-2146G @ 3.50GHz,354.99,15620,44.0,2598,7.32,80,195,FCLGA1151-2,Server
Intel Xeon E-2174G @ 3.80GHz,402.99,12250,30.4,2682,6.66,71,172,FCLGA1151-2,Server
Intel Xeon E-2176G @ 3.70GHz,447.6,15527,34.69,2693,6.02,80,194,FCLGA1151-2,Server
Intel Xeon E-2176M @ 2.70GHz,450.0,13521,30.05,2478,5.51,45,300,FCBGA1440,Laptop
Intel Xeon E-2186G @ 3.80GHz,524.99,15838,30.17,2730,5.2,95,166,FCLGA1151-2,Server
Intel Xeon E-2224 @ 3.40GHz,198.0,10241,51.72,2643,13.35,71,144,FCLGA1151-2,Server
Intel Xeon E-2224G @ 3.50GHz,218.0,10008,45.91,2812,12.9,71,140,FCLGA1151-2,Server
Intel Xeon E-2226G @ 3.40GHz,260.0,12887,49.57,2753,10.59,80,161,FCLGA1151-2,Server
Intel Xeon E-2244G @ 3.80GHz,272.0,12782,46.99,2741,10.08,71,180,FCLGA1151-2,Server
Intel Xeon E-2246G @ 3.60GHz,311.0,16714,53.74,2858,9.19,80,208,FCLGA1151-2,Server
Intel Xeon E-2274G @ 4.00GHz,334.0,12595,37.71,2727,8.17,83,151,FCLGA1151-2,Server
Intel Xeon E-2276M @ 2.80GHz,450.0,14981,33.29,2696,5.99,45,332,FCBGA1440,Laptop
Intel Xeon E-2286M @ 2.40GHz,623.0,18477,29.66,2750,4.41,45,410,FCBGA1440,Laptop
Intel Xeon E3-1220 @ 3.10GHz,52.9,6250,117.99,1741,32.88,80,78,LGA1155,Server
Intel Xeon E3-1220 V2 @ 3.10GHz,59.9,6732,112.26,1826,30.45,69,97,LGA1155,Server
Intel Xeon E3-1220 v3 @ 3.10GHz,133.9,7178,53.57,1950,14.55,80,89,LGA1150,Server
Intel Xeon E3-1220 v5 @ 3.00GHz,266.46,7772,29.17,1950,7.32,80,97,FCLGA1151,Server
Intel Xeon E3-1220 v6 @ 3.00GHz,220.4,7769,35.24,1754,7.96,72,107,FCLGA1151,Server
Intel Xeon E3-1225 @ 3.10GHz,63.9,6092,95.21,1765,27.59,95,64,LGA1155,Server
Intel Xeon E3-1225 V2 @ 3.20GHz,69.0,6968,100.99,1918,27.81,77,90,LGA1155,Server
Intel Xeon E3-1225 v3 @ 3.20GHz,135.9,7238,53.23,2012,14.8,84,86,LGA1150,Server
Intel Xeon E3-1225 v5 @ 3.30GHz,290.0,7834,27.02,1968,6.79,80,97,FCLGA1151,Server
Intel Xeon E3-1225 v6 @ 3.30GHz,233.8,7958,34.04,2129,9.11,73,109,FCLGA1151,Server
Intel Xeon E3-1230 @ 3.20GHz,95.9,7851,81.8,1837,19.14,80,98,LGA1155,Server
Intel Xeon E3-1230 V2 @ 3.30GHz,78.0,8868,113.7,1949,24.99,69,128,LGA1155,Server
Intel Xeon E3-1230 v3 @ 3.30GHz,215.0,9325,43.37,2093,9.74,80,116,LGA1150,Server
Intel Xeon E3-1230 v6 @ 3.50GHz,262.5,9784,37.26,2011,7.66,72,135,FCLGA1151,Server
Intel Xeon E3-1230L v3 @ 1.80GHz,287.9,7231,25.12,1588,5.52,25,289,LGA1150,Server
Intel Xeon E3-1235 @ 3.20GHz,244.0,7757,31.79,1849,7.58,95,81,LGA1155,Server
Intel Xeon E3-1240 @ 3.30GHz,97.9,7975,81.39,1855,18.93,80,99,LGA1155,Server
Intel Xeon E3-1240 V2 @ 3.40GHz,126.9,9159,72.15,2029,15.98,69,132,LGA1155,Server
Intel Xeon E3-1240 v3 @ 3.40GHz,384.4,9677,25.17,2180,5.67,80,120,LGA1150,Server
Intel Xeon E3-1240 v5 @ 3.50GHz,341.67,10317,30.2,2195,6.43,80,128,FCLGA1151,Server
Intel Xeon E3-1240 v6 @ 3.70GHz,288.1,10472,36.35,2223,7.72,72,145,FCLGA1151,Server
Intel Xeon E3-1240L v5 @ 2.10GHz,278.0,7793,28.03,1762,6.34,25,311,FCLGA1151,Server
Intel Xeon E3-1241 v3 @ 3.50GHz,369.9,10015,27.07,2255,6.1,80,125,LGA1150,Server
Intel Xeon E3-1245 @ 3.30GHz,105.9,8040,75.86,1886,17.8,95,84,LGA1155,Server
Intel Xeon E3-1245 V2 @ 3.40GHz,156.9,9127,58.14,2011,12.81,77,118,LGA1155,Server
Intel Xeon E3-1245 v3 @ 3.40GHz,255.0,9586,37.59,2174,8.53,84,114,LGA1150,Server
Intel Xeon E3-1245 v5 @ 3.50GHz,345.31,10155,29.41,2134,6.18,80,126,FCLGA1151,Server
Intel Xeon E3-1245 v6 @ 3.70GHz,310.9,10533,33.88,2285,7.35,73,144,FCLGA1151,Server
Intel Xeon E3-1260L @ 2.40GHz,56.02,6266,111.85,1592,28.43,45,139,LGA1155,Server
Intel Xeon E3-1265L V2 @ 2.50GHz,148.0,7455,50.37,1682,11.37,45,165,LGA1155,Server
Intel Xeon E3-1270 @ 3.40GHz,315.0,8248,26.19,1943,6.17,80,103,LGA1155,Server
Intel Xeon E3-1270 V2 @ 3.50GHz,189.9,9464,49.82,2086,10.98,69,137,LGA1155,Server
Intel Xeon E3-1270 v3 @ 3.50GHz,199.9,9919,49.6,2228,11.14,80,123,LGA1150,Server
Intel Xeon E3-1270 v6 @ 3.80GHz,338.6,11171,32.99,2309,6.82,72,155,FCLGA1151,Server
Intel Xeon E3-1275 @ 3.40GHz,304.0,8122,26.72,1934,6.36,95,85,LGA1155,Server
Intel Xeon E3-1275 v3 @ 3.50GHz,400.99,10048,25.06,2229,5.56,95,105,LGA1150,Server
Intel Xeon E3-1275 v6 @ 3.80GHz,362.9,11028,30.38,2362,6.51,73,151,FCLGA1151,Server
Intel Xeon E3-1280 @ 3.50GHz,332.2,8416,25.34,1977,5.95,95,88,LGA1155,Server
Intel Xeon E3110 @ 3.00GHz,22.99,2159,93.93,1265,55.06,65,33,LGA775,Server
Intel Xeon E3113 @ 3.00GHz,9.79,2427,247.99,1269,129.69,65,37,LGA775,Server
Intel Xeon E5-1410 @ 2.80GHz,48.99,7265,148.31,1654,33.77,80,90,LGA1356,Server
Intel Xeon E5-1603 @ 2.80GHz,19.9,5576,278.94,1477,73.92,130,42,LGA2011,Server
Intel Xeon E5-1603 v3 @ 2.80GHz,99.99,6202,62.03,1555,15.56,140,44,LGA2011-v3,Server
Intel Xeon E5-1607 @ 3.00GHz,27.95,5894,210.89,1576,56.39,130,45,LGA2011,Server
Intel Xeon E5-1607 v2 @ 3.00GHz,34.95,6217,177.91,1605,45.94,130,47,LGA 2011,Server
Intel Xeon E5-1620 @ 3.60GHz,65.0,9068,139.51,1947,29.96,130,69,LGA2011,Server
Intel Xeon E5-1620 v2 @ 3.70GHz,58.9,9498,161.01,1978,33.53,130,73,FCLGA2011,Server
Intel Xeon E5-1620 v3 @ 3.50GHz,159.99,9747,60.93,2041,12.76,140,69,LGA2011-v3,Server
Intel Xeon E5-1620 v4 @ 3.50GHz,303.3,9935,32.75,2073,6.84,140,70,FCLGA2011-3,Server
Intel Xeon E5-1650 v2 @ 3.50GHz,109.9,12749,115.97,2000,18.2,130,98,FCLGA2011,Server
Intel Xeon E5-1650 v3 @ 3.50GHz,157.9,13622,86.22,2147,13.59,140,97,LGA2011-v3,Server
Intel Xeon E5-1650 v4 @ 3.60GHz,508.0,14226,28.0,2179,4.29,140,101,FCLGA2011-3,Server
Intel Xeon E5-1660 v2 @ 3.70GHz,281.9,13901,49.3,2126,7.54,130,106,LGA 2011,Server
Intel Xeon E5-2403 @ 1.80GHz,110.9,3523,31.77,880,7.94,80,44,LGA 1356,Server
Intel Xeon E5-2403 v2 @ 1.80GHz,35.99,3590,99.76,827,22.98,80,44,FCLGA1356,Server
Intel Xeon E5-2407 @ 2.20GHz,84.92,4188,49.32,958,11.29,80,52,LGA 1356,Server
Intel Xeon E5-2407 v2 @ 2.40GHz,91.7,4648,50.67,1109,12.09,80,58,FCLGA1356,Server
Intel Xeon E5-2420 v2 @ 2.20GHz,52.67,8693,165.05,1349,25.63,80,108,FCLGA1356,Server
Intel Xeon E5-2430 @ 2.20GHz,101.1,7695,76.1,1089,10.77,95,81,LGA 1356,Server
Intel Xeon E5-2430 v2 @ 2.50GHz,48.26,9061,187.76,1329,27.56,80,113,LGA 1356,Server
Intel Xeon E5-2430L @ 2.00GHz,32.28,7834,242.71,1204,37.33,60,130,FCLGA1356,Server
Intel Xeon E5-2440 @ 2.40GHz,39.9,9221,230.59,1458,36.48,95,97,LGA 1356,Server
Intel Xeon E5-2450 @ 2.10GHz,62.9,10196,161.91,1304,20.71,95,107,LGA 1356,Server
Intel Xeon E5-2450L @ 1.80GHz,130.0,8261,63.55,1097,8.44,70,118,LGA 1356,Server
Intel Xeon E5-2470 @ 2.30GHz,128.0,11144,87.07,1539,12.03,95,117,LGA 1356,Server
Intel Xeon E5-2470 v2 @ 2.40GHz,222.0,11268,50.76,1349,6.08,95,118,LGA 1356,Server
Intel Xeon E5-2603 @ 1.80GHz,47.8,3591,75.05,943,19.73,80,44,LGA 2011,Server
Intel Xeon E5-2603 v2 @ 1.80GHz,59.99,3766,62.78,982,16.37,80,47,LGA 2011,Server
Intel Xeon E5-2603 v3 @ 1.60GHz,67.2,5179,77.05,934,13.89,85,60,LGA2011-v3,Server
Intel Xeon E5-2609 @ 2.40GHz,96.04,4607,47.97,1219,12.7,80,57,LGA2011,Server
Intel Xeon E5-2609 v2 @ 2.50GHz,47.5,5160,108.63,1289,27.14,80,64,LGA 2011,Server
Intel Xeon E5-2609 v3 @ 1.90GHz,106.0,5901,55.66,1113,10.5,80,73,LGA2011-v3,Server
Intel Xeon E5-2620 @ 2.00GHz,28.9,7904,272.68,1232,42.5,95,83,LGA2011,Server
Intel Xeon E5-2620 v2 @ 2.10GHz,39.99,8600,215.07,1280,32.03,80,107,FCLGA2011,Server
Intel Xeon E5-2620 v3 @ 2.40GHz,69.9,9987,142.69,1702,24.32,85,117,LGA2011-v3,Server
Intel Xeon E5-2620 v4 @ 2.10GHz,364.9,11324,31.03,1534,4.2,85,133,FCLGA2011-3,Server
Intel Xeon E5-2630 @ 2.30GHz,39.94,8923,223.42,1398,35.02,95,93,LGA2011,Server
Intel Xeon E5-2630 v2 @ 2.60GHz,43.9,10368,235.96,1566,35.65,80,129,FCLGA2011,Server
Intel Xeon E5-2630 v3 @ 2.40GHz,98.0,12797,130.59,1744,17.8,85,150,LGA2011-v3,Server
Intel Xeon E5-2630L v2 @ 2.40GHz,39.1,9088,232.44,1354,34.64,60,151,LGA 2011,Server
Intel Xeon E5-2630L v3 @ 1.80GHz,339.95,9727,28.62,1688,4.97,55,176,LGA2011-v3,Server
Intel Xeon E5-2637 v2 @ 3.50GHz,84.99,9200,108.25,1848,21.75,130,70,LGA 2011,Server
Intel Xeon E5-2637 v3 @ 3.50GHz,165.1,10117,61.25,2130,12.9,135,74,LGA2011-v3,Server
Intel Xeon E5-2640 @ 2.50GHz,59.9,9394,156.7,1494,24.94,95,98,LGA2011,Server
Intel Xeon E5-2640 v2 @ 2.00GHz,184.2,10189,55.31,1224,6.65,95,107,LGA 2011,Server
Intel Xeon E5-2640 v3 @ 2.60GHz,135.0,13864,102.7,1885,13.97,90,154,LGA2011-v3,Server
Intel Xeon E5-2643 @ 3.30GHz,59.9,8451,140.98,1810,30.21,130,65,LGA2011,Server
Intel Xeon E5-2643 v2 @ 3.50GHz,209.9,13121,62.49,1973,9.4,130,100,FCLGA2011,Server
Intel Xeon E5-2643 v3 @ 3.40GHz,259.9,13887,53.41,2021,7.77,135,102,LGA2011-v3,Server
Intel Xeon E5-2650 @ 2.00GHz,45.0,10259,227.99,1344,29.88,95,107,LGA2011,Server
Intel Xeon E5-2650 v2 @ 2.60GHz,72.0,13229,183.62,1713,23.78,95,139,FCLGA2011,Server
Intel Xeon E5-2650 v3 @ 2.30GHz,129.9,14883,114.5,1680,12.92,105,141,LGA2011-v3,Server
Intel Xeon E5-2650L @ 1.80GHz,79.0,8483,107.39,1198,15.18,70,121,LGA 2011,Server
Intel Xeon E5-2650L v2 @ 1.70GHz,135.84,9880,72.74,1126,8.29,70,141,FCLGA2011,Server
Intel Xeon E5-2650L v3 @ 1.80GHz,232.2,13513,58.19,1419,6.11,65,207,LGA2011-v3,Server
Intel Xeon E5-2658 v2 @ 2.40GHz,179.99,13874,77.09,1521,8.45,95,146,LGA 2011,Server
Intel Xeon E5-2660 @ 2.20GHz,131.1,11252,85.83,1470,11.22,95,118,LGA2011,Server
Intel Xeon E5-2660 v2 @ 2.20GHz,173.98,13142,75.54,1506,8.66,95,138,LGA 2011,Server
Intel Xeon E5-2660 v3 @ 2.60GHz,303.3,16309,53.77,1853,6.11,105,155,LGA2011-v3,Server
Intel Xeon E5-2665 @ 2.40GHz,102.37,11746,114.75,1541,15.06,115,102,LGA2011,Server
Intel Xeon E5-2667 @ 2.90GHz,51.7,10671,206.41,1713,33.15,130,82,LGA2011,Server
Intel Xeon E5-2667 v2 @ 3.30GHz,330.0,16158,48.96,2011,6.09,130,124,LGA 2011,Server
Intel Xeon E5-2667 v3 @ 3.20GHz,398.1,16174,40.62,2077,5.22,135,119,LGA2011-v3,Server
Intel Xeon E5-2670 @ 2.60GHz,136.1,12370,90.89,1650,12.13,115,107,LGA2011,Server
Intel Xeon E5-2670 v2 @ 2.50GHz,209.0,15021,71.87,1617,7.74,115,130,FCLGA2011,Server
Intel Xeon E5-2670 v3 @ 2.30GHz,154.9,16647,107.41,1707,11.02,120,138,LGA2011-v3,Server
Intel Xeon E5-2680 @ 2.70GHz,76.9,12899,167.68,1754,22.81,130,99,LGA2011,Server
Intel Xeon E5-2680 v2 @ 2.80GHz,179.0,15890,88.77,1826,10.2,115,138,FCLGA2011,Server
Intel Xeon E5-2680 v3 @ 2.50GHz,529.4,18467,34.88,1862,3.52,120,153,LGA2011-v3,Server
Intel Xeon E5-2683 v3 @ 2.00GHz,509.99,17325,33.97,1656,3.25,120,144,LGA2011-v3,Server
Intel Xeon E5-2687W @ 3.10GHz,207.0,14341,69.28,1884,9.1,150,95,LGA2011,Server
Intel Xeon E5-2687W v2 @ 3.40GHz,359.9,16370,45.49,2038,5.66,150,109,FCLGA2011,Server
Intel Xeon E5-2687W v3 @ 3.10GHz,589.9,17795,30.16,1953,3.31,160,111,LGA2011-v3,Server
Intel Xeon E5-2690 @ 2.90GHz,133.0,13714,103.12,1858,13.97,135,101,LGA2011,Server
Intel Xeon E5-2690 v2 @ 3.00GHz,425.8,16406,38.53,1823,4.28,130,126,FCLGA2011,Server
Intel Xeon E5-2690 v3 @ 2.60GHz,245.0,19263,78.63,1980,8.08,135,142,LGA2011-v3,Server
Intel Xeon E5-2695 v2 @ 2.40GHz,258.9,16041,61.94,1619,6.25,115,139,LGA 2011,Server
Intel Xeon E5-2695 v3 @ 2.30GHz,489.9,19710,40.23,1885,3.85,120,164,LGA2011-v3,Server
Intel Xeon E5-2697 v2 @ 2.70GHz,379.6,17198,45.3,1733,4.57,130,132,FCLGA2011,Server
Intel Xeon E5-2697 v3 @ 2.60GHz,446.5,21412,47.96,1994,4.47,145,147,LGA2011-v3,Server
Intel Xeon E5-2698 v3 @ 2.30GHz,739.0,21042,28.47,1845,2.5,135,155,LGA2011-v3,Server
Intel Xeon E5-4617 @ 2.90GHz,89.9,9313,103.59,1730,19.25,130,71,LGA 2011,Server
Intel Xeon E5-4620 @ 2.20GHz,134.21,9248,68.91,1265,9.43,95,97,LGA 2011,Server
Intel Xeon E5-4650 @ 2.70GHz,69.99,11685,166.96,1611,23.02,130,89,LGA2011,Server
Intel Xeon E5-4650L @ 2.60GHz,119.99,12145,101.22,1572,13.11,115,105,LGA 2011,Server
Intel Xeon E5205 @ 1.86GHz,9.42,1401,148.77,755,80.21,65,21,LGA771,Server
Intel Xeon E5240 @ 3.00GHz,88.78,2424,27.31,1276,14.38,65,37,LGA771,Server
Intel Xeon E5310 @ 1.60GHz,49.0,2214,45.19,632,12.9,80,27,LGA771,Server
Intel Xeon E5320 @ 1.86GHz,38.75,2288,59.05,722,18.63,80,28,LGA771,Server
Intel Xeon E5335 @ 2.00GHz,17.77,2513,141.45,784,44.15,80,31,LGA771,Server
Intel Xeon E5345 @ 2.33GHz,39.99,2886,72.17,911,22.79,80,36,LGA771,Server
Intel Xeon E5405 @ 2.00GHz,39.95,2835,70.97,860,21.54,80,35,LGA771,Server
Intel Xeon E5420 @ 2.50GHz,62.95,3482,55.31,1064,16.92,80,43,LGA771,Server
Intel Xeon E5430 @ 2.66GHz,110.99,3749,33.78,1132,10.2,80,46,LGA771,Server
Intel Xeon E5440 @ 2.83GHz,99.0,3960,40.0,1206,12.18,80,49,LGA771,Server
Intel Xeon E5450 @ 3.00GHz,54.0,4180,77.42,1265,23.44,80,52,LGA771,Server
Intel Xeon E5462 @ 2.80GHz,27.3,3872,141.84,1165,42.7,80,48,LGA771,Server
Intel Xeon E5472 @ 3.00GHz,30.04,4084,135.96,1239,41.28,80,51,LGA771,Server
Intel Xeon E5504 @ 2.00GHz,69.95,2680,38.32,818,11.7,80,33,LGA1366,Server
Intel Xeon E5506 @ 2.13GHz,63.01,2974,47.21,894,14.19,80,37,LGA1366,Server
Intel Xeon E5520 @ 2.27GHz,14.27,4379,306.91,1029,72.13,80,54,LGA1366,Server
Intel Xeon E5530 @ 2.40GHz,13.0,4494,345.72,1094,84.18,80,56,LGA1366,Server
Intel Xeon E5540 @ 2.53GHz,59.0,4747,80.46,1143,19.38,80,59,LGA1366,Server
Intel Xeon E5607 @ 2.27GHz,69.21,3371,48.71,951,13.75,80,42,LGA1366,Server
Intel Xeon E5620 @ 2.40GHz,68.8,4771,69.35,1066,15.51,80,59,LGA1366,Server
Intel Xeon E5630 @ 2.53GHz,35.0,5055,144.43,1139,32.55,80,63,LGA1366,Server
Intel Xeon E5640 @ 2.67GHz,27.99,5250,187.6,1159,41.43,80,65,LGA1366,Server
Intel Xeon E5645 @ 2.40GHz,81.3,6424,79.01,1091,13.43,80,80,LGA1366,Server
Intel Xeon E5649 @ 2.53GHz,104.0,6889,66.2,1186,11.4,80,86,LGA1366,Server
Intel Xeon L3360 @ 2.83GHz,89.23,3764,42.18,1210,13.57,65,57,LGA775,Server
Intel Xeon L5240 @ 3.00GHz,31.4,2271,72.33,1286,40.96,40,56,LGA771,Server
Intel Xeon L5320 @ 1.86GHz,69.99,2135,30.52,580,8.29,50,42,LGA771,Server
Intel Xeon L5335 @ 2.00GHz,18.79,2756,146.68,799,42.57,50,55,LGA771,Server
Intel Xeon L5410 @ 2.33GHz,100.08,3358,33.56,1016,10.15,50,67,LGA771,Server
Intel Xeon L5420 @ 2.50GHz,27.5,3501,127.32,1050,38.18,50,70,LGA771,Server
Intel Xeon L5520 @ 2.27GHz,12.82,4324,337.35,1043,81.42,60,72,LGA1366,Server
Intel Xeon L5530 @ 2.40GHz,19.26,4389,227.93,1079,56.05,60,73,LGA1366,Server
Intel Xeon L5630 @ 2.13GHz,20.99,4338,206.69,935,44.55,40,108,LGA1366,Server
Intel Xeon L5638 @ 2.00GHz,69.9,5622,80.43,948,13.57,60,93,LGA1366,Server
Intel Xeon L5640 @ 2.27GHz,83.36,6232,74.77,1095,13.14,60,103,LGA1366,Server
Intel Xeon Silver 4108 @ 1.80GHz,392.4,10838,27.62,1529,3.9,85,127,FCLGA3647,Server
Intel Xeon Silver 4110 @ 2.10GHz,398.0,11657,29.29,1546,3.88,85,137,FCLGA3647,Server
Intel Xeon Silver 4208 @ 2.10GHz,460.5,13116,28.48,1680,3.65,85,154,FCLGA3647,Server
Intel Xeon Silver 4210 @ 2.20GHz,550.0,15974,29.04,1662,3.02,85,187,FCLGA3647,Server
Intel Xeon W-2102 @ 2.90GHz,235.05,6981,29.7,1622,6.9,120,58,FCLGA2066,Server
Intel Xeon W-2104 @ 3.20GHz,255.0,7475,29.32,1684,6.61,120,62,FCLGA2066,Server
Intel Xeon W-2123 @ 3.60GHz,318.9,10667,33.44,2154,6.75,120,88,FCLGA2066,Server
Intel Xeon W-2125 @ 4.00GHz,488.9,12317,25.19,2507,5.13,120,102,FCLGA2066,Server
Intel Xeon W3503 @ 2.40GHz,9.99,1756,175.87,998,99.9,130,13,LGA1366,Server
Intel Xeon W3505 @ 2.53GHz,24.86,1844,74.18,1049,42.22,130,14,LGA1366,Server
Intel Xeon W3520 @ 2.67GHz,48.0,4940,102.93,1202,25.06,130,38,LGA1366,Server
Intel Xeon W3540 @ 2.93GHz,19.92,5412,271.73,1305,65.56,130,41,LGA1366,Server
Intel Xeon W3550 @ 3.07GHz,29.99,5566,185.63,1369,45.67,130,42,LGA1366,Server
Intel Xeon W3565 @ 3.20GHz,19.99,5778,289.05,1426,71.35,130,44,LGA1366,Server
Intel Xeon W3580 @ 3.33GHz,214.5,6183,28.83,1489,6.94,130,47,LGA1366,Server
Intel Xeon W3680 @ 3.33GHz,159.95,8904,55.67,1518,9.49,130,68,LGA1366,Server
Intel Xeon W3690 @ 3.47GHz,120.0,8980,74.84,1560,13.0,130,69,LGA1366,Server
Intel Xeon W5580 @ 3.20GHz,107.03,5836,54.53,1428,13.35,130,44,LGA1366,Server
Intel Xeon X3220 @ 2.40GHz,60.15,3088,51.35,931,15.49,105,29,LGA775,Server
Intel Xeon X3230 @ 2.66GHz,71.5,3398,47.53,1035,14.48,95,35,LGA775,Server
Intel Xeon X3323 @ 2.50GHz,19.36,3178,164.16,1059,54.73,80,39,LGA775,Server
Intel Xeon X3350 @ 2.66GHz,59.99,3820,63.69,1149,19.16,95,40,LGA775,Server
Intel Xeon X3353 @ 2.66GHz,73.5,3853,52.43,1120,15.25,80,48,LGA775,Server
Intel Xeon X3363 @ 2.83GHz,34.09,3983,116.86,1206,35.4,80,49,LGA771,Server
Intel Xeon X3430 @ 2.40GHz,31.99,3343,104.52,982,30.72,95,35,LGA1156,Server
Intel Xeon X3440 @ 2.53GHz,141.96,4511,31.78,1055,7.44,95,47,LGA1156,Server
Intel Xeon X3450 @ 2.67GHz,79.95,4747,59.39,1152,14.41,95,49,LGA1156,Server
Intel Xeon X3470 @ 2.93GHz,121.68,5327,43.79,1328,10.92,95,56,LGA1156,Server
Intel Xeon X5260 @ 3.33GHz,54.0,2455,45.47,1414,26.19,80,30,LGA771,Server
Intel Xeon X5365 @ 3.00GHz,77.99,3524,45.19,1170,15.01,150,23,LGA771,Server
Intel Xeon X5450 @ 3.00GHz,59.96,4106,68.49,1259,21.01,120,34,LGA771,Server
Intel Xeon X5460 @ 3.16GHz,99.78,4323,43.33,1324,13.28,120,36,LGA771,Server
Intel Xeon X5482 @ 3.20GHz,99.99,4529,45.3,1363,13.63,150,30,LGA771,Server
Intel Xeon X5560 @ 2.80GHz,33.99,5405,159.04,1292,38.02,95,56,LGA1366,Server
Intel Xeon X5647 @ 2.93GHz,19.93,5797,290.91,1313,65.91,130,44,LGA1366,Server
Intel Xeon X5650 @ 2.67GHz,29.39,7298,248.35,1249,42.52,95,76,LGA1366,Server
Intel Xeon X5660 @ 2.80GHz,63.2,7589,120.07,1304,20.63,95,79,LGA1366,Server
Intel Xeon X5667 @ 3.07GHz,23.33,6198,265.7,1386,59.43,95,65,LGA1366,Server
Intel Xeon X5670 @ 2.93GHz,34.0,7812,229.78,1363,40.11,95,82,LGA1366,Server
Intel Xeon X5672 @ 3.20GHz,44.99,6461,143.61,1434,31.88,95,68,LGA1366,Server
Intel Xeon X5675 @ 3.07GHz,53.9,7993,148.06,1415,26.22,95,84,LGA1366,Server
Intel Xeon X5677 @ 3.47GHz,85.0,6773,79.68,1505,17.71,130,52,LGA1366,Server
Intel Xeon X5680 @ 3.33GHz,70.0,8354,119.34,1476,21.1,130,64,LGA1366,Server
Intel Xeon X5687 @ 3.60GHz,56.32,6976,123.88,1605,28.51,130,53,LGA1366,Server
Intel Xeon X5690 @ 3.47GHz,123.0,8791,71.47,1533,12.47,130,67,LGA1366,Server
Mobile AMD Athlon XP,12.4,572,45.81,0,0.0,0,0,nan,Laptop
Quad-Core AMD Opteron 1385,54.0,3442,63.75,953,17.66,115,29,"AM2+,AM3",Server
